Trends	Search volume	Started	Ended	Trend breakdown	Explore link
pbks vs srh	2M+	12 April 2025 at 15:10:00 UTC+5:30		pbks vs srh,eshan malinga,kings vs sunrisers,abhishek sharma,punjab kings vs sunrisers hyderabad match scorecard,sunrisers hyderabad vs punjab kings match scorecard,srh vs punjab,kavya maran,punjab kings vs sunrisers hyderabad,punjab vs hyderabad,highest score in ipl,srh vs pbks 2025,highest individual score in ipl,pbks vs srh 2025,punjab vs srh,sunrisers hyderabad vs punjab kings,ipl history highest score batsman,travis head,ipl highest score,highest chase in ipl,highest run chase in ipl,pbks srh,hyderabad vs punjab,sunrisers vs kings,punjab kings vs sunrisers hyderabad standings,ipl highest score batsman,punjab versus hyderabad,punjab kings vs sunrisers hyderabad timeline,srh pbks,hyderabad versus punjab,pk vs srh,marcus stoinis,where to watch sunrisers hyderabad vs punjab kings,srh,hrs vs pbks,sunrisers hyderabad,sunrisers hyderabad vs punjab kings standings,punjab-hyderabad,arshdeep singh,where to watch punjab kings vs sunrisers hyderabad,prabhsimran singh,heinrich klaasen,fastest century in ipl,shreyas iyer,punjab kings,nicholas pooran,pbks,srh vs,live score,highest score in ipl by player,kings at sunrisers,fastest 50 in ipl,srh vs pbk,sunrisers hyderabad vs punjab kings timeline,highest ipl score,srh v pbks,yuvraj singh,ipl fastest 100,srh vs pbks 2024,abhishek sharma ipl 2025 price,ipl 2025 today match,stoinis,kings vs sunriser,highest run in ipl,hyderabad,pbks vs,srh versus pbks,hyd vs punjab,lasith malinga,hyderabad vs punjab today match,espncricinfo,highest score in ipl 2025,srh vs pk,cricket,kxip vs srh,fastest ipl century,pat cummins,ipl highest individual score,ipl highest run,cricinfo,srh versus punjab,punjab kings vs sunrisers hyderabad stats,pbks v srh,malinga,ipl highlights,pbks vs sr,abhishek sharma parents,srh match,espn cricinfo,pbk vs srh,highest ipl individual score,live cricket ipl,pbks versus srh,fastest hundred in ipl,pbks vs shr,fastest century,punjab versus srh,srh matches,srh vs kxip,ipl point table 2025,abishek sharma,ipl individual highest score,ipl table 2025,highest ipl score by a batsman,hyderabad-punjab,pbks vs srh live,abhishek sharma cricketer,hyderabad punjab,abhishek sharma century,ipl fastest century,abhishek,sunrisers hyderabad vs punjab kings match,abhishek sharma stats,srh vs pbks live,fastest fifty in ipl,sunrisers hyderabad vs punjab kings stats,fastest 100,ipl highest partnership,rcb vs srh,pnb vs srh,abhishek sharma ipl,highest ipl chase,highest individual scores in ipl,ipl stats,highest ipl partnership,highest individual score in ipl history,rajiv gandhi international stadium,srh vs pbks live score,pun vs srh,highest score in ipl individual,srh owner kavya maran,ipl highest score player,pbks vs srh live score,highest score in ipl by a player,orange army,srh team,srh match today,srh vs pbks toss,ipl highest score individual,sunrisers hyderabad vs punjab kings players,highest successful run chase in ipl,shr vs pbks,srh score,fastest century in ipl 2025,highest score by a batsman in ipl,highest player score in ipl,highest score in ipl history,a sharma,individual highest score in ipl,srh vs rcb,fastest century in ipl history,highest scores in ipl,abhishek sharma ipl 2025 runs,highest chase in ipl history,abhishek sharma ipl price,fastest ipl 100,abhishek sharma note,rajiv gandhi international stadium pitch report,klaasen,pbks vs srh 2024,highest ipl score individual,ipl srh vs pbks,abhishek sharma highest score in ipl,ipl highest chase,punjab vs hyderabad live score,head,srh vs pbks scorecard,srh today match,fastest 100 in ipl 2025,srh captain,punjab kings vs sunrisers hyderabad match,abhishek sharma srh,highest run in ipl history,abhishek srh,srh vs p,srh vs pbks dream11 prediction,highest score in ipl player,abhishek sharma ipl team 2025,abhishek sharma today,srh captain 2025,abhisek sharma,abhishek sharma ipl century,highest individual score in ipl by indian,highest batsman score in ipl,sunrisers vs kings toss,ipl 2025 score,ipl srh,kavya,ipl t20,highest score by a player in ipl,highest individual ipl score,srh vs pbks toss win today,fastest century in cricket history,ipl 2025 highest score,ipl 2025 highest score team,sportskeeda,abhishek sharma ipl price 2025,highest individual score in ipl 2025,shreyas iyer ipl 2025,abhishek sharma runs in ipl 2025,pbks vs srh toss,srh vs pbks pitch report,abhishek sharma paper,highest run chase in ipl history,highest chasing score in ipl,sunrisers,ipl score board,ipl highest score by batsman,srh vs pbks highlights,pbks - srh,ipl highest score 2025,fastest 100 in ipl history,more,pbks vs srh scorecard,abhishek sharma highest score,ipl final 2025,srh abhishek sharma,srh ipl,fastest centuries in ipl,ipl scores,srh last match,abhishek sharma century in ipl,pbks last match,srh last match scorecard,punjab hyderabad	https://trends.google.com/trends/explore?q=pbks%20vs%20srh&geo=IN&hl=en-GB
mohun bagan vs bengaluru	500K+	12 April 2025 at 17:10:00 UTC+5:30		mohun bagan vs bengaluru,isl final,isl,jamie maclaren,mohun bagan,isl live,where to watch mohun bagan super giant vs bengaluru fc,isl final 2025,bfc,mohun bagan super giant vs bengaluru fc,mohun bagan super giant,indian super league,isl match today,mbsg vs bfc,bengaluru fc,isl live score,hero isl,bfc vs mohun bagan,today isl match,isl match,mbsg,isl today match,mohun bagan super giant vs bengaluru fc lineups,jason cummings,indian super league games,isl 2024-25,isl match today live,mohun bagan match today,mohun bagan vs bengaluru live,mohun bagan vs bengaluru tickets,isl score,bfc vs mbsg,isl today,isl winners list,mohan bagan,bengaluru vs mohun bagan,isl 2025,mohun bagan super giant vs bengaluru fc stats,atk mohun bagan,mb vs bengaluru,isl winners,mohun bagan super giant vs bengaluru fc timeline,today mohun bagan match,manvir singh	https://trends.google.com/trends/explore?q=mohun%20bagan%20vs%20bengaluru&geo=IN&hl=en-GB
leganes vs barcelona	50K+	12 April 2025 at 23:30:00 UTC+5:30		leganes vs barcelona,barcelona vs leganes,barcelona,cd leganÃ©s vs fc barcelona,leganes,barcelona fc,futbol club barcelona,barcelona vs,eric garcÃ­a,barca vs leganes	https://trends.google.com/trends/explore?q=leganes%20vs%20barcelona&geo=IN&hl=en-GB
titans vs super giants	500K+	12 April 2025 at 15:00:00 UTC+5:30		titans vs super giants,gujarat titans vs lucknow super giants match scorecard,lucknow super giants vs gujarat titans match scorecard,aiden markram,todays ipl match,where to watch lucknow super giants vs gujarat titans,gt vs lsg 2025,ayush badoni,where to watch gujarat titans vs lucknow super giants,mitchell marsh ipl,lucknow super giants,lucknow super giants vs gujarat titans,avesh khan,gujarat titans,gujarat titans vs lucknow super giants,gt vs lsg live score,lsg vs gt 2025,gt lsg,lsg versus gt,lsg gt,david miller,sai kishore,gt versus lsg,sherfane rutherford,gt vs,gujarat titans vs lucknow super giants timeline,gujarat titans vs lucknow super giants standings,gt v lsg,lsg v gt,titans at super giants,lucknow super giants vs gujarat titans standings,ipl point table,lucknow super giants vs gujarat titans timeline,lucknow versus gujarat,lucknow vs gujarat,gujarat versus lucknow,lsg vs gt 2024,gujarat vs lucknow,lsg vsgt,titans vs super giant,lucknow super giants vs gujarat titans players,lsg,lsg vs gt live,ipl highest run player,points table ipl 2024,pooran,gujarat titans vs lucknow super giants stats,lsg vs gt dream11 prediction,lsg vs,lsg vs gt toss,lucknow gujarat,why mitchell marsh is not playing today,lsg vs gt scorecard,lucknow super giants vs gujarat titans stats,parthiv patel,markram,pooran ipl,badoni,gt vs lsg 2025 scorecard,nicholas pooran ipl 2025,ekana cricket stadium b ground,gujarat lucknow,gt vs lsg 2024,lsg va gt,gt vs lsg toss,lsg vs gt 2023,gtvslsg,gt vs lsg live,lsg vs gt pitch report,ipl gt vs lsg,lsg vs gt head to head,gtvs lsg,gt last match scorecard,ekana cricket stadium pitch report,ekana cricket stadium b ground pitch report,gt - lsg,gill,ekana stadium pitch report,lsg last match scorecard,ekana cricket stadium,2025 ipl point table	https://trends.google.com/trends/explore?q=titans%20vs%20super%20giants&geo=IN&hl=en-GB
man city vs crystal palace	100K+	12 April 2025 at 16:10:00 UTC+5:30		man city vs crystal palace,man city,manchester city,manchester city vs crystal palace,james mcatee,man city vs crystal palace f.c.,where to watch man city vs crystal palace f.c.,manchester city f.c.,nico o'reilly	https://trends.google.com/trends/explore?q=man%20city%20vs%20crystal%20palace&geo=IN&hl=en-GB
himmat singh	100K+	12 April 2025 at 14:40:00 UTC+5:30		himmat singh,himmat singh cricketer,h singh lsg,himmat singh,	https://trends.google.com/trends/explore?q=himmat%20singh&geo=IN&hl=en-GB
al-nassr vs al-riyadh	50K+	12 April 2025 at 22:40:00 UTC+5:30		al-nassr vs al-riyadh,al nassr,saudi pro league,alnassr,cristiano ronaldo,al nassr match,al-nassr,al-nassr fc,ronaldo,al-nassr vs al-riyadh sc,al nassr vs	https://trends.google.com/trends/explore?q=al-nassr%20vs%20al-riyadh&geo=IN&hl=en-GB
manabadi inter results 2025	500K+	12 April 2025 at 07:30:00 UTC+5:30		manabadi inter results 2025,ts manabadi inter results 2025,ap inter results,manabadi,indian results,bie.ap.gov.in 2025,manabadi inter results,bie ap gov in,bieap results 2025,bieap ap inter results 2nd year,resultsbie ap gov in 2025,bie.ap.gov.in results,inter results 2025 ap,bieap inter results 2025,inter 1st year results,intermediate results,ap inter 2nd year results 2025,inter results 2025 date,bieap inter results 2025 ap 2nd year,ap inter results 2025 link,ts inter results 2025,intermediate results 2025,inter result,ap intermediate 1st year results 2025,manabadi ap inter results 2025 date,bie.ap.gov.in,inter 1st year results 2025,inter 2nd year results 2025,ap inter results 2025 manabadi,ap intermediate results,inter 2nd year results,intermediate result,bieap.gov.in results,apbie,inter results 2025 date ts,bieap results,bie ap gov in hall ticket,ap intermediate results 2025,results,ap inter result,https resultsbie ap gov in,resultsbie.ap.gov.in,ap inter results 2025 date 1st year,inter results 2025 link,bie,manabadi results,ap intermediate public result 2025,manabadi inter hall tickets 2025,bieap.gov.in,mana badi inter result,inter results 2025 date ap 1st year,resultsbie.ap.gov.in 2025,tsbie,inter results ap,results of intermediate 2025,ap inter result 2025,ap inter hall ticket 2025,bie ap,bie ap gov in 2025 inter results,india results 2025,ap results,india result 2025,ap inter 1st year results 2025,bieap.gov.in hall tickets 2025,inter results 2025 date ap 2nd year,inter results link,manabadi ap inter results 2025,results.bie.ap.gov.in 2025,telangana inter results 2025,ap inter hall ticket download,bie.ap.gov.in 2025 hall ticket,bie ap inter results,inter first year results 2025,ap inter results link,inter result 2025,board of intermediate education andhra pradesh,sakshi inter results,results bie ap gov in,open inter results 2025,apbie results,intermediate result 2025,inter second year results 2025,manabadi inter results 2025 ap,bie ap gov in 2025,board of intermediate results,bie ap gov in 2025 hall ticket download manabadi,indian result,ap.bie.gov.in 2025,bie results,ap inter results 2025 2nd year,ap inter results 2025 date 2nd year,manabadi.com,bieap.gov.in.,ap results 2025 inter date,how to check inter results,www.bieap.gov.in 2025,results bie ap gov in 2025,ap,bie ap gov in results,ap inter 2nd year results,bie ap gov in 2025 hall ticket download,inter 1st year results 2025 date,bie.ap,ap intermediate 1st year results,bieap inter results,ap open inter results 2025,inter,https //bie.ap.gov.in results,ap results 2025,inter results 2025 ap 1st year,1st year result 2025,bieap.gov.in results 2025,bie-ap-gov-in 2025,india results ap,inter results 2025 manabadi,intermediate results 2025 ap,ipe results 2025,resultsbie.ap.gov.in.,open inter results 2025 date,www.bieap.gov.in. or manabadi,2nd year result 2025,ap inter results 2024,ap inter 1st year results,ap inter,indian results 2025,bieap ap inter results 2025,results.bie.ap.gov.in,bie.ap.gov.in.,ap ipe results 2025,ap intermediate result,inter 1st year result,open inter results,inter results 2025 ap 2nd year,ap inter results 2025 1st year,1st year result 2025 date,intermediate result date 2025 ap,ap.gov.in results,inter ap results 2025,inter result link,ap bie,ap 10th class results 2025,ap inter results manabadi,inter 1st year results 2025 ap,bie. ap. gov. in,bie-ap-gov-in,manabadi inter results 2nd year,inter 2nd year results ap,ap manabadi inter results 2025,inter results ap 2025,bie ap gov,1st year result,ap inter 1st year results manabadi,ap 2nd year results 2025,intermediate results ap,resultsbie,gov,intermediate results 2025 date,andhra pradesh 1st year result 2025,inter results link 2025 ap,2025 inter result,sakshi results,ap inter result link,sakshi,ap inter second year results 2025,manabadi results 2025,inter 2nd year result,ts inter results 2025 date 1st year,results bieap gov in,resultsbie ap gov in,ap intermediate 2nd year results 2025,ap inter 2025 results,bie.ap.gov.in 2025 results,inter results 2025 ap link,inter result ap,ap bie results,ap inter result 2025 name wise,ap inter results link 2025,ap inter first year results 2025,board of intermediate education,bie.ap.gov.in login,inter ap results,ap inter results 2025 website,bieap inter results 2024,first year result,manabadi inter results 2024,ap inter results date,results bieap,results bie.ap.gov.in,ap result,2nd year inter results,2nd year result 2025 date,bieap gov in,bie ap results,ap intermediate results 2025 link,bse ap gov,1st year results,inter marks,inter results 2025 website,www.bse.ap.gov.in results,ap inter results 2025 date and time,ap inter 2nd year results manabadi,bieap.apcfss.in,ap inter 2nd year results date,intermediate result link,inter results manabadi,ap inter 1st year results 2025 manabadi,apbie results 2025,inter 2nd year hall ticket 2025,2nd year result,manabadi. com,resultsbie. ap. gov. in,inter results 2024,ap inter results 2024 manabadi,manabadi inter 1st year results,ap inter results 2025 check online,www.bse.ap.gov.in 2025 hall ticket,inter 2nd year results 2025 ap,inter results 2025 2nd year,resultsbie ap gov in 2024,intermediate 2nd year results 2025,inter second year results,intermediate result ap,intermediate 1st year results 2025,apbie hall ticket 2025,ap intermediate results link,inter results 2025 ts,ap intermediate result date 2025,all india results 2025,intermediate 1st year results,andhra pradesh intermediate results 2025,manabadi ap inter results,manabadi inter 2nd year results,bieap inter results 2025 link,bse-ap-gov-in,2nd year results,inter 1st year results link	https://trends.google.com/trends/explore?q=manabadi%20inter%20results%202025&geo=IN&hl=en-GB
à¤ªà¥€à¤¬à¥€à¤•à¥‡à¤à¤¸ à¤¬à¤¨à¤¾à¤® srh	50K+	12 April 2025 at 19:00:00 UTC+5:30		à¤ªà¥€à¤¬à¥€à¤•à¥‡à¤à¤¸ à¤¬à¤¨à¤¾à¤® srh,à¤…à¤­à¤¿à¤·à¥‡à¤• à¤¶à¤°à¥à¤®à¤¾,à¤ªà¤‚à¤œà¤¾à¤¬ à¤•à¤¿à¤‚à¤—à¥à¤¸ à¤¬à¤¨à¤¾à¤® à¤¸à¤¨à¤°à¤¾à¤‡à¤œà¤°à¥à¤¸,à¤ªà¥€à¤¬à¥€à¤•à¥‡à¤à¤¸ à¤µà¤¿ srh,à¤ªà¤‚à¤œà¤¾à¤¬ à¤•à¤¿à¤‚à¤—à¥à¤¸ à¤¬à¤¨à¤¾à¤® à¤¸à¤¨à¤°à¤¾à¤‡à¤œà¤°à¥à¤¸ à¤¹à¥ˆà¤¦à¤°à¤¾à¤¬à¤¾à¤¦ à¤•à¥‡ à¤®à¥ˆà¤š à¤•à¤¾ à¤¸à¥à¤•à¥‹à¤°à¤•à¤¾à¤°à¥à¤¡,à¤¶à¥à¤°à¥‡à¤¯à¤¸ à¤…à¤¯à¥à¤¯à¤°,à¤¸à¤¨à¤°à¤¾à¤‡à¤œà¤°à¥à¤¸ à¤¹à¥ˆà¤¦à¤°à¤¾à¤¬à¤¾à¤¦ à¤¬à¤¨à¤¾à¤® à¤ªà¤‚à¤œà¤¾à¤¬ à¤•à¤¿à¤‚à¤—à¥à¤¸ à¤•à¥‡ à¤®à¥ˆà¤š à¤•à¤¾ à¤¸à¥à¤•à¥‹à¤°à¤•à¤¾à¤°à¥à¤¡,à¤Ÿà¥à¤°à¥‡à¤µà¤¿à¤¸ à¤¹à¥‡à¤¡,srh à¤¬à¤¨à¤¾à¤® à¤ªà¥€à¤¬à¥€à¤•à¥‡à¤à¤¸,à¤—à¥à¤²à¥‡à¤¨ à¤®à¥ˆà¤•à¥à¤¸à¤µà¥‡à¤²,srh vs pbks pitch report hindi,rajiv gandhi international stadium pitch report in hindi	https://trends.google.com/trends/explore?q=%E0%A4%AA%E0%A5%80%E0%A4%AC%E0%A5%80%E0%A4%95%E0%A5%87%E0%A4%8F%E0%A4%B8%20%E0%A4%AC%E0%A4%A8%E0%A4%BE%E0%A4%AE%20srh&geo=IN&hl=en-GB
bayern vs dortmund	50K+	12 April 2025 at 21:10:00 UTC+5:30		bayern vs dortmund,bundesliga,dortmund,bayern munich vs borussia dortmund	https://trends.google.com/trends/explore?q=bayern%20vs%20dortmund&geo=IN&hl=en-GB
upi payments	100K+	12 April 2025 at 14:20:00 UTC+5:30		upi payments,upi down,upi,upi server down,upi down today,upi payments outage,phonepe,gpay,google pay,upi issue,why upi is not working today,upi server down today,upi news,upi not working,upi issue today,is upi down today,is upi down,bank server down,upi not working today,paytm,upi outage,upi payment,gpay down,upi is down,upi problem,upi down?,bank server down today,today upi not working	https://trends.google.com/trends/explore?q=upi%20payments&geo=IN&hl=en-GB
arsenal vs brentford	20K+	12 April 2025 at 21:10:00 UTC+5:30		arsenal vs brentford,arsenal fc	https://trends.google.com/trends/explore?q=arsenal%20vs%20brentford&geo=IN&hl=en-GB
james vince	500K+	12 April 2025 at 20:10:00 UTC+5:30		james vince,multan sultans vs karachi kings,khushdil shah,cricbuzz,arafat minhas,mohammad rizwan,karachi kings vs multan sultans,cricbuzz live,live ipl score,live cricket,multan sultans vs karachi kings match scorecard,live score cricket,cricbuzz ipl,kar vs mul,ipl today match live,live score cricket ipl,karachi kings,karachi kings vs multan sultans match scorecard,ipl score today,karachi vs multan,cricbuzz.com,lsg last match,scorecard ipl,live ipl match today,match live,uc cricket,cricbuzz.	https://trends.google.com/trends/explore?q=james%20vince&geo=IN&hl=en-GB
gt à¤¬à¤¨à¤¾à¤® lsg	50K+	12 April 2025 at 15:00:00 UTC+5:30		gt à¤¬à¤¨à¤¾à¤® lsg,à¤Ÿà¤¾à¤‡à¤Ÿà¤¨à¥à¤¸ à¤¬à¤¨à¤¾à¤® à¤¸à¥à¤ªà¤° à¤œà¤¾à¤¯à¤‚à¤Ÿà¥à¤¸,gt à¤µà¤¿ lsg,lsg à¤¬à¤¨à¤¾à¤® gt,à¤—à¥à¤œà¤°à¤¾à¤¤ à¤Ÿà¤¾à¤‡à¤Ÿà¤¨à¥à¤¸ à¤¬à¤¨à¤¾à¤® à¤²à¤–à¤¨à¤Š à¤¸à¥à¤ªà¤° à¤œà¤¾à¤¯à¤‚à¤Ÿà¥à¤¸ à¤•à¥‡ à¤®à¥ˆà¤š à¤•à¤¾ à¤¸à¥à¤•à¥‹à¤°à¤•à¤¾à¤°à¥à¤¡,à¤†à¤µà¥‡à¤¶ à¤–à¤¾à¤¨,à¤‹à¤·à¤­ à¤ªà¤‚à¤¤,à¤²à¤–à¤¨à¤Š à¤¸à¥à¤ªà¤° à¤œà¤¾à¤¯à¤‚à¤Ÿà¥à¤¸ à¤¬à¤¨à¤¾à¤® à¤—à¥à¤œà¤°à¤¾à¤¤ à¤Ÿà¤¾à¤‡à¤Ÿà¤¨à¥à¤¸ à¤•à¥‡ à¤®à¥ˆà¤š à¤•à¤¾ à¤¸à¥à¤•à¥‹à¤°à¤•à¤¾à¤°à¥à¤¡,à¤†à¤¯à¥à¤· à¤¬à¤¡à¥‹à¤¨à¥€,à¤à¤¡à¤¨ à¤®à¤¾à¤°à¥à¤•à¥à¤°à¤®,lsg vs gt pitch report in hindi	https://trends.google.com/trends/explore?q=gt%20%E0%A4%AC%E0%A4%A8%E0%A4%BE%E0%A4%AE%20lsg&geo=IN&hl=en-GB
dog	20K+	12 April 2025 at 15:00:00 UTC+5:30		dog	https://trends.google.com/trends/explore?q=dog&geo=IN&hl=en-GB
whatsapp outage	20K+	12 April 2025 at 20:20:00 UTC+5:30		whatsapp outage,whatsapp down,is whatsapp down,whatsapp server down,whatsapp not working,downdetector,whatsapp issue,whatsapp news,whatsapp down?,whatsapp issue today	https://trends.google.com/trends/explore?q=whatsapp%20outage&geo=IN&hl=en-GB
inter vs cagliari	10K+	12 April 2025 at 20:40:00 UTC+5:30		inter vs cagliari	https://trends.google.com/trends/explore?q=inter%20vs%20cagliari&geo=IN&hl=en-GB
rr vs rcb	20K+	12 April 2025 at 06:00:00 UTC+5:30		rr vs rcb,sawai mansingh stadium pitch report,sawai mansingh stadium,rr vs srh,rr vs rcb 2024,jaipur,dream11,ipl 2025 start date,jaipur weather,royals vs royal challengers	https://trends.google.com/trends/explore?q=rr%20vs%20rcb&geo=IN&hl=en-GB
southampton vs aston villa	10K+	12 April 2025 at 18:40:00 UTC+5:30		southampton vs aston villa	https://trends.google.com/trends/explore?q=southampton%20vs%20aston%20villa&geo=IN&hl=en-GB
pink moon full moon astrology	10K+	12 April 2025 at 20:20:00 UTC+5:30		pink moon full moon astrology,pink moon visible in india,pink moon full moon,full moon pink moon,pink moon 2025 in india,pink moon today,full moon,pink moon time,pink moon time in india	https://trends.google.com/trends/explore?q=pink%20moon%20full%20moon%20astrology&geo=IN&hl=en-GB
guardians vs royals	20K+	12 April 2025 at 06:20:00 UTC+5:30		guardians vs royals	https://trends.google.com/trends/explore?q=guardians%20vs%20royals&geo=IN&hl=en-GB
abrar ahmed	20K+	12 April 2025 at 16:20:00 UTC+5:30		abrar ahmed,quetta gladiators vs peshawar zalmi,saud shakeel,peshawar zalmi vs quetta gladiators,quetta gladiators vs peshawar zalmi match scorecard	https://trends.google.com/trends/explore?q=abrar%20ahmed&geo=IN&hl=en-GB
juventus vs lecce	5K+	12 April 2025 at 23:30:00 UTC+5:30		juventus vs lecce,juventus fc	https://trends.google.com/trends/explore?q=juventus%20vs%20lecce&geo=IN&hl=en-GB
yuzvendra chahal	20K+	12 April 2025 at 22:30:00 UTC+5:30		yuzvendra chahal,à¤¯à¥à¤œà¤µà¥‡à¤‚à¤¦à¥à¤° à¤šà¤¹à¤²	https://trends.google.com/trends/explore?q=yuzvendra%20chahal&geo=IN&hl=en-GB
mohammad amir	10K+	12 April 2025 at 15:40:00 UTC+5:30		mohammad amir,saim ayub	https://trends.google.com/trends/explore?q=mohammad%20amir&geo=IN&hl=en-GB
david warner	5K+	12 April 2025 at 20:00:00 UTC+5:30		david warner	https://trends.google.com/trends/explore?q=david%20warner&geo=IN&hl=en-GB
rilee rossouw	5K+	12 April 2025 at 15:50:00 UTC+5:30		rilee rossouw	https://trends.google.com/trends/explore?q=rilee%20rossouw&geo=IN&hl=en-GB
vaisakhi 2025	5K+	12 April 2025 at 08:10:00 UTC+5:30		vaisakhi 2025	https://trends.google.com/trends/explore?q=vaisakhi%202025&geo=IN&hl=en-GB
alzarri joseph	5K+	12 April 2025 at 15:40:00 UTC+5:30		alzarri joseph	https://trends.google.com/trends/explore?q=alzarri%20joseph&geo=IN&hl=en-GB
ipl orange cap 2025	20K+	12 April 2025 at 16:30:00 UTC+5:30		ipl orange cap 2025,orange cap,most runs in ipl 2025,orange cap in ipl 2025,highest runs in ipl,ipl highest run scorer,ipl orange cap,ipl 2025 orange cap,highest run scorer in ipl,highest runs in ipl 2025,most runs in ipl,lsg vs csk,highest runs in ipl history,ipl top scorers,ipl leaderboard,top scorer in ipl,shreyas iyer ipl 2025 runs,highest run by batsman in ipl,ipl 2025 orange cap leaderboard,ipl orange cap list	https://trends.google.com/trends/explore?q=ipl%20orange%20cap%202025&geo=IN&hl=en-GB
murshidabad	5K+	12 April 2025 at 09:50:00 UTC+5:30		murshidabad,murshidabad news	https://trends.google.com/trends/explore?q=murshidabad&geo=IN&hl=en-GB
cbse class 10th result	2K+	13 April 2025 at 01:50:00 UTC+5:30		cbse class 10th result	https://trends.google.com/trends/explore?q=cbse%20class%2010th%20result&geo=IN&hl=en-GB
bahrain gp	10K+	12 April 2025 at 10:30:00 UTC+5:30		bahrain gp,f1 bahrain grand prix,f1 qualifying,bahrain,bahrain gp qualifying	https://trends.google.com/trends/explore?q=bahrain%20gp&geo=IN&hl=en-GB
hanuman jayanti	200K+	12 April 2025 at 06:50:00 UTC+5:30	12 April 2025 at 16:20:00 UTC+5:30	hanuman jayanti,hanuman jayanti 2025,à¤¸à¥à¤‚à¤¦à¤°à¤•à¤¾à¤‚à¤¡,hanuman jayanti photo,hanuman ji ke bhajan,hanuman janmotsav wishes,à¤¹à¤¨à¥à¤®à¤¾à¤¨ à¤œà¥€ à¤•à¥€ à¤†à¤°à¤¤à¥€,hanuman jayanti photos,hanuman bhajan,hanuman quotes,hanuman jayanti mantra,jayanti,janmotsav,à¤¹à¤¨à¥à¤®à¤¾à¤¨ à¤œà¤¯à¤‚à¤¤à¥€ à¤«à¥‹à¤Ÿà¥‹,hanuman janmotsav image,hanuman janmotsav images,hanuman jayanti wish,chalisa,à¤¹à¤¨à¥à¤®à¤¾à¤¨ à¤œà¥€,à¤¹à¤¨à¥à¤®à¤¾à¤¨ à¤œà¤¨à¥à¤®à¥‹à¤¤à¥à¤¸à¤µ 2025,à¤¹à¤¨à¥à¤®à¤¾à¤¨ à¤œà¥€ à¤•à¥‡ à¤­à¤œà¤¨,hanuman jayanthi 2025	https://trends.google.com/trends/explore?q=hanuman%20jayanti&geo=IN&hl=en-GB
bhool chuk maaf release date	5K+	12 April 2025 at 08:30:00 UTC+5:30		bhool chuk maaf release date	https://trends.google.com/trends/explore?q=bhool%20chuk%20maaf%20release%20date&geo=IN&hl=en-GB
harshal patel	100K+	12 April 2025 at 19:50:00 UTC+5:30	13 April 2025 at 00:20:00 UTC+5:30	harshal patel,mohammed shami,most expensive spell in ipl,shami,worst bowling figures in ipl,most expensive bowler in ipl	https://trends.google.com/trends/explore?q=harshal%20patel&geo=IN&hl=en-GB
à¤­à¥‚à¤•à¤‚à¤ª à¤¸à¤®à¤¾à¤šà¤¾à¤° à¤†à¤œ à¤•à¤¾	2K+	12 April 2025 at 19:00:00 UTC+5:30		à¤­à¥‚à¤•à¤‚à¤ª à¤¸à¤®à¤¾à¤šà¤¾à¤° à¤†à¤œ à¤•à¤¾,à¤†à¤œ à¤­à¥‚à¤•à¤‚à¤ª	https://trends.google.com/trends/explore?q=%E0%A4%AD%E0%A5%82%E0%A4%95%E0%A4%82%E0%A4%AA%20%E0%A4%B8%E0%A4%AE%E0%A4%BE%E0%A4%9A%E0%A4%BE%E0%A4%B0%20%E0%A4%86%E0%A4%9C%20%E0%A4%95%E0%A4%BE&geo=IN&hl=en-GB
à¤•à¤² à¤•à¤¾ à¤®à¥Œà¤¸à¤®	500K+	12 April 2025 at 20:50:00 UTC+5:30	12 April 2025 at 22:40:00 UTC+5:30	à¤•à¤² à¤•à¤¾ à¤®à¥Œà¤¸à¤®,à¤†à¤œ à¤•à¤¾ à¤®à¥Œà¤¸à¤® à¤•à¥ˆà¤¸à¤¾ à¤°à¤¹à¥‡à¤—à¤¾	https://trends.google.com/trends/explore?q=%E0%A4%95%E0%A4%B2%20%E0%A4%95%E0%A4%BE%20%E0%A4%AE%E0%A5%8C%E0%A4%B8%E0%A4%AE&geo=IN&hl=en-GB
dc vs mi	2K+	12 April 2025 at 06:00:00 UTC+5:30		dc vs mi,arun jaitley stadium	https://trends.google.com/trends/explore?q=dc%20vs%20mi&geo=IN&hl=en-GB
santa clara vs sporting	2K+	12 April 2025 at 21:50:00 UTC+5:30		santa clara vs sporting	https://trends.google.com/trends/explore?q=santa%20clara%20vs%20sporting&geo=IN&hl=en-GB
mukesh ambani	1K+	13 April 2025 at 01:00:00 UTC+5:30		mukesh ambani	https://trends.google.com/trends/explore?q=mukesh%20ambani&geo=IN&hl=en-GB
pbks àªµàª¿. srh	2K+	12 April 2025 at 19:20:00 UTC+5:30		pbks àªµàª¿. srh,àª†àªˆàªªà«€àªàª²	https://trends.google.com/trends/explore?q=pbks%20%E0%AA%B5%E0%AA%BF.%20srh&geo=IN&hl=en-GB
la liga	20K+	13 April 2025 at 02:20:00 UTC+5:30	13 April 2025 at 03:50:00 UTC+5:30	la liga,laliga,barca,barca match,barcelona match,la liga games,barca vs,fcb,cd leganÃ©s vs fc barcelona lineups,barcelona vs leganes live,cd leganÃ©s vs fc barcelona timeline,marko dmitroviÄ‡	https://trends.google.com/trends/explore?q=la%20liga&geo=IN&hl=en-GB
shashank singh	100K+	12 April 2025 at 20:50:00 UTC+5:30	12 April 2025 at 23:40:00 UTC+5:30	shashank singh	https://trends.google.com/trends/explore?q=shashank%20singh&geo=IN&hl=en-GB
michael caine	2K+	12 April 2025 at 12:30:00 UTC+5:30		michael caine	https://trends.google.com/trends/explore?q=michael%20caine&geo=IN&hl=en-GB
yash thakur	50K+	12 April 2025 at 21:50:00 UTC+5:30	13 April 2025 at 00:00:00 UTC+5:30	yash thakur	https://trends.google.com/trends/explore?q=yash%20thakur&geo=IN&hl=en-GB
nottm forest vs everton	10K+	12 April 2025 at 18:40:00 UTC+5:30	13 April 2025 at 04:40:00 UTC+5:30	nottm forest vs everton,epl fixtures	https://trends.google.com/trends/explore?q=nottm%20forest%20vs%20everton&geo=IN&hl=en-GB
actor sri	2K+	12 April 2025 at 18:00:00 UTC+5:30		actor sri	https://trends.google.com/trends/explore?q=actor%20sri&geo=IN&hl=en-GB
hong kong vs nepal	20K+	12 April 2025 at 10:20:00 UTC+5:30	12 April 2025 at 23:30:00 UTC+5:30	hong kong vs nepal,nepal vs hong kong	https://trends.google.com/trends/explore?q=hong%20kong%20vs%20nepal&geo=IN&hl=en-GB
agra	10K+	12 April 2025 at 07:30:00 UTC+5:30		agra,rana sanga,agra news,ramji lal suman	https://trends.google.com/trends/explore?q=agra&geo=IN&hl=en-GB
glenn maxwell	20K+	12 April 2025 at 20:40:00 UTC+5:30	12 April 2025 at 23:40:00 UTC+5:30	glenn maxwell,maxwell,srh vs panjab,maxwell ipl	https://trends.google.com/trends/explore?q=glenn%20maxwell&geo=IN&hl=en-GB
lockie ferguson	20K+	12 April 2025 at 22:10:00 UTC+5:30	13 April 2025 at 00:20:00 UTC+5:30	lockie ferguson,hyd vs pbks	https://trends.google.com/trends/explore?q=lockie%20ferguson&geo=IN&hl=en-GB
13-Apr	2K+	13 April 2025 at 00:10:00 UTC+5:30		13 april,april 12,12,today is	https://trends.google.com/trends/explore?q=13%20april&geo=IN&hl=en-GB
www.dge.tn.gov.in 2025	20K+	12 April 2025 at 08:10:00 UTC+5:30	12 April 2025 at 21:20:00 UTC+5:30	www.dge.tn.gov.in 2025,www dge tn gov in nmms result,tn nmms results,nmms result 2025 tamilnadu,dge,dge.tn.gov.in nmms result 2025,www.dge.tn.gov.in result,nmms result 2025,nmms result 2025 tamilnadu pdf download,www.dge.tn.gov.in 2025 nmms result,dge tn gov in,www.dge.tn.gov.in	https://trends.google.com/trends/explore?q=www.dge.tn.gov.in%202025&geo=IN&hl=en-GB
casa pia vs porto	200+	13 April 2025 at 01:20:00 UTC+5:30		casa pia vs porto	https://trends.google.com/trends/explore?q=casa%20pia%20vs%20porto&geo=IN&hl=en-GB
jaideep ahlawat	10K+	12 April 2025 at 14:30:00 UTC+5:30	13 April 2025 at 04:30:00 UTC+5:30	jaideep ahlawat,jaadu jaideep ahlawat,video song	https://trends.google.com/trends/explore?q=jaideep%20ahlawat&geo=IN&hl=en-GB
box office collection jaat movie	10K+	13 April 2025 at 01:20:00 UTC+5:30	13 April 2025 at 03:50:00 UTC+5:30	box office collection jaat movie,jaat movies box office collection,jaat collection,jaat (film),hindi movie,jaat movie release date,sunny deol,randeep hooda,jaat full movie,movie box	https://trends.google.com/trends/explore?q=box%20office%20collection%20jaat%20movie&geo=IN&hl=en-GB
à¤¸à¥‹à¤¨à¥‡ à¤šà¤¾à¤‚à¤¦à¥€	1K+	13 April 2025 at 00:40:00 UTC+5:30		à¤¸à¥‹à¤¨à¥‡ à¤šà¤¾à¤‚à¤¦à¥€,à¤šà¤¾à¤‚à¤¦à¥€ à¤¸à¥‹à¤¨à¥‡ à¤•à¤¾ à¤†à¤œ à¤•à¤¾ à¤­à¤¾à¤µ,à¤†à¤œ à¤•à¥à¤¯à¤¾ à¤¹à¥ˆ	https://trends.google.com/trends/explore?q=%E0%A4%B8%E0%A5%8B%E0%A4%A8%E0%A5%87%20%E0%A4%9A%E0%A4%BE%E0%A4%82%E0%A4%A6%E0%A5%80&geo=IN&hl=en-GB
brighton vs leicester city	5K+	12 April 2025 at 18:40:00 UTC+5:30	13 April 2025 at 02:30:00 UTC+5:30	brighton vs leicester city	https://trends.google.com/trends/explore?q=brighton%20vs%20leicester%20city&geo=IN&hl=en-GB
srh owner	10K+	12 April 2025 at 20:00:00 UTC+5:30	13 April 2025 at 00:50:00 UTC+5:30	srh owner,kaviya maran	https://trends.google.com/trends/explore?q=srh%20owner&geo=IN&hl=en-GB
ishan kishan	10K+	12 April 2025 at 22:40:00 UTC+5:30	13 April 2025 at 00:50:00 UTC+5:30	ishan kishan	https://trends.google.com/trends/explore?q=ishan%20kishan&geo=IN&hl=en-GB
sonu kakkar	2K+	12 April 2025 at 19:00:00 UTC+5:30	13 April 2025 at 05:10:00 UTC+5:30	sonu kakkar	https://trends.google.com/trends/explore?q=sonu%20kakkar&geo=IN&hl=en-GB
fc barcelona	5K+	13 April 2025 at 01:40:00 UTC+5:30	13 April 2025 at 03:30:00 UTC+5:30	fc barcelona	https://trends.google.com/trends/explore?q=fc%20barcelona&geo=IN&hl=en-GB
à¤®à¥Œà¤¸à¤®	500K+	12 April 2025 at 06:40:00 UTC+5:30	12 April 2025 at 08:40:00 UTC+5:30	à¤®à¥Œà¤¸à¤®,à¤®à¥Œà¤¸à¤® à¤•à¤²,à¤®à¥Œà¤¸à¤® à¤µà¤¿à¤­à¤¾à¤— à¤¤à¤¾à¤ªà¤®à¤¾à¤¨ à¤¬à¤¾à¤°à¤¿à¤¶,à¤•à¥à¤¯à¤¾ à¤†à¤œ à¤¬à¤¾à¤°à¤¿à¤¶ à¤¹à¥‹à¤—à¥€?	https://trends.google.com/trends/explore?q=%E0%A4%AE%E0%A5%8C%E0%A4%B8%E0%A4%AE&geo=IN&hl=en-GB
preity zinta	10K+	12 April 2025 at 20:20:00 UTC+5:30	12 April 2025 at 23:50:00 UTC+5:30	preity zinta	https://trends.google.com/trends/explore?q=preity%20zinta&geo=IN&hl=en-GB
michael bracewell	20K+	12 April 2025 at 22:20:00 UTC+5:30	13 April 2025 at 01:00:00 UTC+5:30	michael bracewell,shubman gill,glenn phillips	https://trends.google.com/trends/explore?q=michael%20bracewell&geo=IN&hl=en-GB
digvesh singh	50K+	12 April 2025 at 16:30:00 UTC+5:30	12 April 2025 at 18:00:00 UTC+5:30	digvesh singh,digvesh rathi cricketer,digvesh singh rathi,digvesh rathi	https://trends.google.com/trends/explore?q=digvesh%20singh&geo=IN&hl=en-GB
rishabh pant	20K+	12 April 2025 at 17:40:00 UTC+5:30	12 April 2025 at 20:00:00 UTC+5:30	rishabh pant	https://trends.google.com/trends/explore?q=rishabh%20pant&geo=IN&hl=en-GB
hasan ali	2K+	12 April 2025 at 20:20:00 UTC+5:30	13 April 2025 at 05:10:00 UTC+5:30	hasan ali	https://trends.google.com/trends/explore?q=hasan%20ali&geo=IN&hl=en-GB
punjab	5K+	12 April 2025 at 18:00:00 UTC+5:30	13 April 2025 at 05:10:00 UTC+5:30	punjab	https://trends.google.com/trends/explore?q=punjab&geo=IN&hl=en-GB
hotstar	50K+	12 April 2025 at 15:30:00 UTC+5:30	12 April 2025 at 17:20:00 UTC+5:30	hotstar	https://trends.google.com/trends/explore?q=hotstar&geo=IN&hl=en-GB
chris gayle	5K+	12 April 2025 at 11:40:00 UTC+5:30	13 April 2025 at 05:10:00 UTC+5:30	chris gayle	https://trends.google.com/trends/explore?q=chris%20gayle&geo=IN&hl=en-GB
real sociedad vs mallorca	10K+	12 April 2025 at 16:40:00 UTC+5:30	12 April 2025 at 23:00:00 UTC+5:30	real sociedad vs mallorca	https://trends.google.com/trends/explore?q=real%20sociedad%20vs%20mallorca&geo=IN&hl=en-GB
up board result 2025	5K+	12 April 2025 at 13:30:00 UTC+5:30	13 April 2025 at 05:10:00 UTC+5:30	up board result 2025,à¤¯à¥‚à¤ªà¥€ à¤¬à¥‹à¤°à¥à¤¡ à¤°à¤¿à¤œà¤²à¥à¤Ÿ 2025,up board result,up board result date 2025,up	https://trends.google.com/trends/explore?q=up%20board%20result%202025&geo=IN&hl=en-GB
fawad ali	2K+	12 April 2025 at 20:10:00 UTC+5:30	13 April 2025 at 01:30:00 UTC+5:30	fawad ali	https://trends.google.com/trends/explore?q=fawad%20ali&geo=IN&hl=en-GB
ericsson borje ekholm	5K+	12 April 2025 at 07:50:00 UTC+5:30	12 April 2025 at 22:20:00 UTC+5:30	ericsson borje ekholm,bÃ¶rje ekholm	https://trends.google.com/trends/explore?q=ericsson%20borje%20ekholm&geo=IN&hl=en-GB
à¦†à¦¬à¦¹à¦¾à¦“à¦¯à¦¼à¦¾	50K+	12 April 2025 at 06:30:00 UTC+5:30	12 April 2025 at 10:20:00 UTC+5:30	à¦†à¦¬à¦¹à¦¾à¦“à¦¯à¦¼à¦¾	https://trends.google.com/trends/explore?q=%E0%A6%86%E0%A6%AC%E0%A6%B9%E0%A6%BE%E0%A6%93%E0%A6%AF%E0%A6%BC%E0%A6%BE&geo=IN&hl=en-GB
prasidh krishna	20K+	12 April 2025 at 18:30:00 UTC+5:30	12 April 2025 at 20:00:00 UTC+5:30	prasidh krishna	https://trends.google.com/trends/explore?q=prasidh%20krishna&geo=IN&hl=en-GB
churchill brothers	200+	13 April 2025 at 02:10:00 UTC+5:30		churchill brothers	https://trends.google.com/trends/explore?q=churchill%20brothers&geo=IN&hl=en-GB
atlanta united vs new england	200+	13 April 2025 at 01:00:00 UTC+5:30		atlanta united vs new england	https://trends.google.com/trends/explore?q=atlanta%20united%20vs%20new%20england&geo=IN&hl=en-GB
samvardhana motherson	1K+	12 April 2025 at 20:40:00 UTC+5:30	13 April 2025 at 04:00:00 UTC+5:30	samvardhana motherson	https://trends.google.com/trends/explore?q=samvardhana%20motherson&geo=IN&hl=en-GB
tiger	2K+	12 April 2025 at 19:10:00 UTC+5:30	13 April 2025 at 04:40:00 UTC+5:30	tiger	https://trends.google.com/trends/explore?q=tiger&geo=IN&hl=en-GB
msdhoni	2K+	12 April 2025 at 05:40:00 UTC+5:30		msdhoni,ipl 2024,pbks vs kkr,rutherford cricket	https://trends.google.com/trends/explore?q=msdhoni&geo=IN&hl=en-GB
leverkusen vs union berlin	5K+	12 April 2025 at 18:10:00 UTC+5:30	12 April 2025 at 23:40:00 UTC+5:30	leverkusen vs union berlin	https://trends.google.com/trends/explore?q=leverkusen%20vs%20union%20berlin&geo=IN&hl=en-GB
eibar vs real madrid	2K+	12 April 2025 at 21:20:00 UTC+5:30	13 April 2025 at 01:20:00 UTC+5:30	eibar vs real madrid	https://trends.google.com/trends/explore?q=eibar%20vs%20real%20madrid&geo=IN&hl=en-GB
shahrukh khan	20K+	12 April 2025 at 17:20:00 UTC+5:30	12 April 2025 at 18:20:00 UTC+5:30	shahrukh khan	https://trends.google.com/trends/explore?q=shahrukh%20khan&geo=IN&hl=en-GB
shardul thakur	20K+	12 April 2025 at 16:10:00 UTC+5:30	12 April 2025 at 18:30:00 UTC+5:30	shardul thakur	https://trends.google.com/trends/explore?q=shardul%20thakur&geo=IN&hl=en-GB
qatar vs kuwait	10K+	12 April 2025 at 06:10:00 UTC+5:30	12 April 2025 at 15:40:00 UTC+5:30	qatar vs kuwait,kuwait vs qatar	https://trends.google.com/trends/explore?q=qatar%20vs%20kuwait&geo=IN&hl=en-GB
uscis visa bulletin may 2025	10K+	12 April 2025 at 13:20:00 UTC+5:30	12 April 2025 at 18:30:00 UTC+5:30	uscis visa bulletin may 2025,may visa bulletin 2025,visa bulletin may 2025,visa bulletin,us visa bulletin	https://trends.google.com/trends/explore?q=uscis%20visa%20bulletin%20may%202025&geo=IN&hl=en-GB
eenadu inter results	10K+	12 April 2025 at 10:20:00 UTC+5:30	12 April 2025 at 17:00:00 UTC+5:30	eenadu inter results,eenadu results,eenadu inter results 2025 ap,ap à°‡à°‚à°Ÿà°°à± à°«à°²à°¿à°¤à°¾à°²à± 2025,ap inter results 2025 eenadu,à°†à°‚à°§à±à°° à°ªà±à°°à°¦à±‡à°¶à± à°¬à±‹à°°à±à°¡à± à°†à°«à± à°‡à°‚à°Ÿà°°à±à°®à±€à°¡à°¿à°¯à°Ÿà± à°Žà°¡à±à°¯à±à°•à±‡à°·à°¨à± (à°‡à°¯à°°à± 2) à°ªà°°à±€à°•à±à°·,sakshi inter results 2025,inter results 2025 eenadu,ts inter results	https://trends.google.com/trends/explore?q=eenadu%20inter%20results&geo=IN&hl=en-GB
srh vs pkbs	2K+	12 April 2025 at 19:20:00 UTC+5:30	13 April 2025 at 00:50:00 UTC+5:30	srh vs pkbs	https://trends.google.com/trends/explore?q=srh%20vs%20pkbs&geo=IN&hl=en-GB
arshad khan	20K+	12 April 2025 at 18:00:00 UTC+5:30	12 April 2025 at 18:50:00 UTC+5:30	arshad khan	https://trends.google.com/trends/explore?q=arshad%20khan&geo=IN&hl=en-GB
ravi bishnoi	10K+	12 April 2025 at 16:30:00 UTC+5:30	12 April 2025 at 18:30:00 UTC+5:30	ravi bishnoi	https://trends.google.com/trends/explore?q=ravi%20bishnoi&geo=IN&hl=en-GB
dhruv vikram	500+	13 April 2025 at 00:40:00 UTC+5:30	13 April 2025 at 04:20:00 UTC+5:30	dhruv vikram	https://trends.google.com/trends/explore?q=dhruv%20vikram&geo=IN&hl=en-GB
8th pay commission	1K+	12 April 2025 at 18:10:00 UTC+5:30	13 April 2025 at 03:40:00 UTC+5:30	8th pay commission	https://trends.google.com/trends/explore?q=8th%20pay%20commission&geo=IN&hl=en-GB
psv vs almere	1K+	12 April 2025 at 23:20:00 UTC+5:30	13 April 2025 at 05:00:00 UTC+5:30	psv vs almere	https://trends.google.com/trends/explore?q=psv%20vs%20almere&geo=IN&hl=en-GB
phule film	2K+	12 April 2025 at 16:40:00 UTC+5:30	13 April 2025 at 01:10:00 UTC+5:30	phule film,jyotiba phule movie	https://trends.google.com/trends/explore?q=phule%20film&geo=IN&hl=en-GB
h1 b visa	5K+	12 April 2025 at 16:30:00 UTC+5:30	12 April 2025 at 22:10:00 UTC+5:30	h1 b visa	https://trends.google.com/trends/explore?q=h1%20b%20visa&geo=IN&hl=en-GB
chhaava movie	2K+	12 April 2025 at 14:40:00 UTC+5:30	13 April 2025 at 02:20:00 UTC+5:30	chhaava movie,hd movies,chhaava ott release date netflix	https://trends.google.com/trends/explore?q=chhaava%20movie&geo=IN&hl=en-GB
coachella	2K+	12 April 2025 at 09:10:00 UTC+5:30	13 April 2025 at 05:10:00 UTC+5:30	coachella	https://trends.google.com/trends/explore?q=coachella&geo=IN&hl=en-GB
west garo hills	500+	13 April 2025 at 00:30:00 UTC+5:30	13 April 2025 at 05:10:00 UTC+5:30	west garo hills	https://trends.google.com/trends/explore?q=west%20garo%20hills&geo=IN&hl=en-GB
celta vigo vs espanyol	1K+	12 April 2025 at 21:20:00 UTC+5:30	13 April 2025 at 03:10:00 UTC+5:30	celta vigo vs espanyol	https://trends.google.com/trends/explore?q=celta%20vigo%20vs%20espanyol&geo=IN&hl=en-GB
sai sudharsan	20K+	12 April 2025 at 16:30:00 UTC+5:30	12 April 2025 at 17:20:00 UTC+5:30	sai sudharsan,gt vs dc	https://trends.google.com/trends/explore?q=sai%20sudharsan&geo=IN&hl=en-GB
jiohotstar	20K+	12 April 2025 at 15:40:00 UTC+5:30	12 April 2025 at 16:40:00 UTC+5:30	jiohotstar	https://trends.google.com/trends/explore?q=jiohotstar&geo=IN&hl=en-GB
à¤¹à¤¿à¤®à¥à¤®à¤¤ à¤¸à¤¿à¤‚à¤¹	5K+	12 April 2025 at 15:00:00 UTC+5:30	12 April 2025 at 20:20:00 UTC+5:30	à¤¹à¤¿à¤®à¥à¤®à¤¤ à¤¸à¤¿à¤‚à¤¹	https://trends.google.com/trends/explore?q=%E0%A4%B9%E0%A4%BF%E0%A4%AE%E0%A5%8D%E0%A4%AE%E0%A4%A4%20%E0%A4%B8%E0%A4%BF%E0%A4%82%E0%A4%B9&geo=IN&hl=en-GB
aurangzeb death	2K+	12 April 2025 at 23:10:00 UTC+5:30	13 April 2025 at 04:30:00 UTC+5:30	aurangzeb death,amit shah,chhatrapati shivaji maharaj	https://trends.google.com/trends/explore?q=aurangzeb%20death&geo=IN&hl=en-GB
ufc	500+	13 April 2025 at 04:00:00 UTC+5:30	13 April 2025 at 05:10:00 UTC+5:30	ufc	https://trends.google.com/trends/explore?q=ufc&geo=IN&hl=en-GB
jammu and kashmir earthquake	2K+	12 April 2025 at 22:20:00 UTC+5:30	13 April 2025 at 00:20:00 UTC+5:30	jammu and kashmir earthquake,jammu kashmir earthquake,pakistan	https://trends.google.com/trends/explore?q=jammu%20and%20kashmir%20earthquake&geo=IN&hl=en-GB
gt àªµàª¿. lsg	2K+	12 April 2025 at 15:10:00 UTC+5:30	12 April 2025 at 21:30:00 UTC+5:30	gt àªµàª¿. lsg	https://trends.google.com/trends/explore?q=gt%20%E0%AA%B5%E0%AA%BF.%20lsg&geo=IN&hl=en-GB
à¤¹à¤°à¥à¤·à¤² à¤ªà¤Ÿà¥‡à¤²	2K+	12 April 2025 at 19:50:00 UTC+5:30	12 April 2025 at 22:50:00 UTC+5:30	à¤¹à¤°à¥à¤·à¤² à¤ªà¤Ÿà¥‡à¤²	https://trends.google.com/trends/explore?q=%E0%A4%B9%E0%A4%B0%E0%A5%8D%E0%A4%B7%E0%A4%B2%20%E0%A4%AA%E0%A4%9F%E0%A5%87%E0%A4%B2&geo=IN&hl=en-GB
alberto rodrÃ­guez	2K+	12 April 2025 at 19:20:00 UTC+5:30	12 April 2025 at 23:10:00 UTC+5:30	alberto rodrÃ­guez	https://trends.google.com/trends/explore?q=alberto%20rodr%C3%ADguez&geo=IN&hl=en-GB
getafe vs las palmas	2K+	12 April 2025 at 19:00:00 UTC+5:30	12 April 2025 at 23:50:00 UTC+5:30	getafe vs las palmas	https://trends.google.com/trends/explore?q=getafe%20vs%20las%20palmas&geo=IN&hl=en-GB
human from today	5K+	12 April 2025 at 06:50:00 UTC+5:30	12 April 2025 at 15:40:00 UTC+5:30	human from today	https://trends.google.com/trends/explore?q=human%20from%20today&geo=IN&hl=en-GB
à¤¶à¤¶à¤¾à¤‚à¤• à¤¸à¤¿à¤‚à¤¹	5K+	12 April 2025 at 20:40:00 UTC+5:30	12 April 2025 at 23:40:00 UTC+5:30	à¤¶à¤¶à¤¾à¤‚à¤• à¤¸à¤¿à¤‚à¤¹	https://trends.google.com/trends/explore?q=%E0%A4%B6%E0%A4%B6%E0%A4%BE%E0%A4%82%E0%A4%95%20%E0%A4%B8%E0%A4%BF%E0%A4%82%E0%A4%B9&geo=IN&hl=en-GB
maratha empire	100+	13 April 2025 at 01:10:00 UTC+5:30		maratha empire	https://trends.google.com/trends/explore?q=maratha%20empire&geo=IN&hl=en-GB
e malinga	2K+	12 April 2025 at 19:00:00 UTC+5:30	12 April 2025 at 22:10:00 UTC+5:30	e malinga,e. malinga	https://trends.google.com/trends/explore?q=e%20malinga&geo=IN&hl=en-GB
pollachi	1K+	12 April 2025 at 19:10:00 UTC+5:30	13 April 2025 at 03:10:00 UTC+5:30	pollachi	https://trends.google.com/trends/explore?q=pollachi&geo=IN&hl=en-GB
kerala	1K+	13 April 2025 at 04:30:00 UTC+5:30		kerala,court	https://trends.google.com/trends/explore?q=kerala&geo=IN&hl=en-GB
highest opening partnership in ipl	2K+	12 April 2025 at 22:30:00 UTC+5:30	13 April 2025 at 00:20:00 UTC+5:30	highest opening partnership in ipl	https://trends.google.com/trends/explore?q=highest%20opening%20partnership%20in%20ipl&geo=IN&hl=en-GB
robert pattinson	500+	13 April 2025 at 00:30:00 UTC+5:30	13 April 2025 at 04:40:00 UTC+5:30	robert pattinson	https://trends.google.com/trends/explore?q=robert%20pattinson&geo=IN&hl=en-GB
phule	1K+	12 April 2025 at 22:40:00 UTC+5:30	13 April 2025 at 02:10:00 UTC+5:30	phule	https://trends.google.com/trends/explore?q=phule&geo=IN&hl=en-GB
à¤®à¤¾à¤°à¥à¤•à¤¸ à¤¸à¥à¤Ÿà¥‹à¤‡à¤¨à¤¿à¤¸	2K+	12 April 2025 at 21:00:00 UTC+5:30	12 April 2025 at 23:30:00 UTC+5:30	à¤®à¤¾à¤°à¥à¤•à¤¸ à¤¸à¥à¤Ÿà¥‹à¤‡à¤¨à¤¿à¤¸,à¤®à¥‹à¤¹à¤®à¥à¤®à¤¦ à¤¶à¤®à¥€	https://trends.google.com/trends/explore?q=%E0%A4%AE%E0%A4%BE%E0%A4%B0%E0%A5%8D%E0%A4%95%E0%A4%B8%20%E0%A4%B8%E0%A5%8D%E0%A4%9F%E0%A5%8B%E0%A4%87%E0%A4%A8%E0%A4%BF%E0%A4%B8&geo=IN&hl=en-GB
killbill society movie	500+	12 April 2025 at 21:50:00 UTC+5:30	13 April 2025 at 03:50:00 UTC+5:30	killbill society movie	https://trends.google.com/trends/explore?q=killbill%20society%20movie&geo=IN&hl=en-GB
carlos alcaraz	2K+	12 April 2025 at 16:50:00 UTC+5:30	12 April 2025 at 20:20:00 UTC+5:30	carlos alcaraz	https://trends.google.com/trends/explore?q=carlos%20alcaraz&geo=IN&hl=en-GB
à¤¯à¤¶ à¤ à¤¾à¤•à¥à¤°	2K+	12 April 2025 at 21:50:00 UTC+5:30	13 April 2025 at 00:00:00 UTC+5:30	à¤¯à¤¶ à¤ à¤¾à¤•à¥à¤°	https://trends.google.com/trends/explore?q=%E0%A4%AF%E0%A4%B6%20%E0%A4%A0%E0%A4%BE%E0%A4%95%E0%A5%81%E0%A4%B0&geo=IN&hl=en-GB
rahul tewatia	5K+	12 April 2025 at 17:10:00 UTC+5:30	12 April 2025 at 18:30:00 UTC+5:30	rahul tewatia	https://trends.google.com/trends/explore?q=rahul%20tewatia&geo=IN&hl=en-GB
psl live streaming in india	2K+	12 April 2025 at 16:30:00 UTC+5:30	13 April 2025 at 01:00:00 UTC+5:30	psl live streaming in india,pcl cricket league 2025	https://trends.google.com/trends/explore?q=psl%20live%20streaming%20in%20india&geo=IN&hl=en-GB
sunil chhetri	1K+	12 April 2025 at 19:20:00 UTC+5:30	12 April 2025 at 23:20:00 UTC+5:30	sunil chhetri	https://trends.google.com/trends/explore?q=sunil%20chhetri&geo=IN&hl=en-GB
ceballos	2K+	12 April 2025 at 11:40:00 UTC+5:30	12 April 2025 at 16:20:00 UTC+5:30	ceballos,dani ceballos	https://trends.google.com/trends/explore?q=ceballos&geo=IN&hl=en-GB
chelsea vs liverpool	2K+	12 April 2025 at 16:00:00 UTC+5:30	12 April 2025 at 21:50:00 UTC+5:30	chelsea vs liverpool	https://trends.google.com/trends/explore?q=chelsea%20vs%20liverpool&geo=IN&hl=en-GB
japan	200+	13 April 2025 at 02:00:00 UTC+5:30		japan	https://trends.google.com/trends/explore?q=japan&geo=IN&hl=en-GB
nagaland state lottery	20K+	12 April 2025 at 13:30:00 UTC+5:30	12 April 2025 at 21:30:00 UTC+5:30	nagaland state lottery,dear lottery result,dear lottery,dear lottery sambad,dear lottery result today,lottery sambad morning,morning lottery sambad	https://trends.google.com/trends/explore?q=nagaland%20state%20lottery&geo=IN&hl=en-GB
super cup	1K+	12 April 2025 at 20:20:00 UTC+5:30	13 April 2025 at 03:10:00 UTC+5:30	super cup	https://trends.google.com/trends/explore?q=super%20cup&geo=IN&hl=en-GB
black mirror season 7	200+	13 April 2025 at 01:30:00 UTC+5:30	13 April 2025 at 04:10:00 UTC+5:30	black mirror season 7,today date	https://trends.google.com/trends/explore?q=black%20mirror%20season%207&geo=IN&hl=en-GB
bgr vs dve	1K+	12 April 2025 at 23:20:00 UTC+5:30	13 April 2025 at 01:20:00 UTC+5:30	bgr vs dve,west indies t10 vincy premier league	https://trends.google.com/trends/explore?q=bgr%20vs%20dve&geo=IN&hl=en-GB
gold price news	1K+	12 April 2025 at 17:10:00 UTC+5:30	13 April 2025 at 04:40:00 UTC+5:30	gold price news	https://trends.google.com/trends/explore?q=gold%20price%20news&geo=IN&hl=en-GB
rajiv yuva vikasam	2K+	12 April 2025 at 11:30:00 UTC+5:30	12 April 2025 at 22:30:00 UTC+5:30	rajiv yuva vikasam	https://trends.google.com/trends/explore?q=rajiv%20yuva%20vikasam&geo=IN&hl=en-GB
à¤…à¤°à¥à¤¶à¤¦à¥€à¤ª à¤¸à¤¿à¤‚à¤¹	1K+	12 April 2025 at 21:50:00 UTC+5:30	13 April 2025 at 00:10:00 UTC+5:30	à¤…à¤°à¥à¤¶à¤¦à¥€à¤ª à¤¸à¤¿à¤‚à¤¹	https://trends.google.com/trends/explore?q=%E0%A4%85%E0%A4%B0%E0%A5%8D%E0%A4%B6%E0%A4%A6%E0%A5%80%E0%A4%AA%20%E0%A4%B8%E0%A4%BF%E0%A4%82%E0%A4%B9&geo=IN&hl=en-GB
tcs defers salary hikes	1K+	12 April 2025 at 10:10:00 UTC+5:30	13 April 2025 at 04:10:00 UTC+5:30	tcs defers salary hikes	https://trends.google.com/trends/explore?q=tcs%20defers%20salary%20hikes&geo=IN&hl=en-GB
chris gayle highest score in ipl	1K+	12 April 2025 at 22:50:00 UTC+5:30	13 April 2025 at 00:30:00 UTC+5:30	chris gayle highest score in ipl	https://trends.google.com/trends/explore?q=chris%20gayle%20highest%20score%20in%20ipl&geo=IN&hl=en-GB
a minecraft movie	1K+	12 April 2025 at 16:40:00 UTC+5:30	13 April 2025 at 02:50:00 UTC+5:30	a minecraft movie	https://trends.google.com/trends/explore?q=a%20minecraft%20movie&geo=IN&hl=en-GB
juventus	500+	13 April 2025 at 00:30:00 UTC+5:30	13 April 2025 at 03:20:00 UTC+5:30	juventus	https://trends.google.com/trends/explore?q=juventus&geo=IN&hl=en-GB
klassen	1K+	12 April 2025 at 22:40:00 UTC+5:30	13 April 2025 at 00:20:00 UTC+5:30	klassen	https://trends.google.com/trends/explore?q=klassen&geo=IN&hl=en-GB
monaco vs marseille	1K+	12 April 2025 at 19:50:00 UTC+5:30	12 April 2025 at 23:20:00 UTC+5:30	monaco vs marseille	https://trends.google.com/trends/explore?q=monaco%20vs%20marseille&geo=IN&hl=en-GB
rizwan pakistan	1K+	12 April 2025 at 20:30:00 UTC+5:30	13 April 2025 at 00:10:00 UTC+5:30	rizwan pakistan	https://trends.google.com/trends/explore?q=rizwan%20pakistan&geo=IN&hl=en-GB
anirudh suswaram	1K+	12 April 2025 at 21:30:00 UTC+5:30	13 April 2025 at 00:00:00 UTC+5:30	anirudh suswaram	https://trends.google.com/trends/explore?q=anirudh%20suswaram&geo=IN&hl=en-GB
hanuman jayanti image	2K+	12 April 2025 at 06:30:00 UTC+5:30	12 April 2025 at 13:10:00 UTC+5:30	hanuman jayanti image,english video,instagram download video,today tithi,instagram videos download,hanuman jayanti picture	https://trends.google.com/trends/explore?q=hanuman%20jayanti%20image&geo=IN&hl=en-GB
burhanpur	1K+	12 April 2025 at 21:10:00 UTC+5:30	13 April 2025 at 01:30:00 UTC+5:30	burhanpur	https://trends.google.com/trends/explore?q=burhanpur&geo=IN&hl=en-GB
mughal empire	500+	13 April 2025 at 00:00:00 UTC+5:30	13 April 2025 at 04:30:00 UTC+5:30	mughal empire	https://trends.google.com/trends/explore?q=mughal%20empire&geo=IN&hl=en-GB
highest powerplay score in ipl	2K+	12 April 2025 at 19:50:00 UTC+5:30	12 April 2025 at 23:10:00 UTC+5:30	highest powerplay score in ipl,highest powerplay score in ipl 2025,ipl powerplay highest score	https://trends.google.com/trends/explore?q=highest%20powerplay%20score%20in%20ipl&geo=IN&hl=en-GB
lakers vs rockets	5K+	12 April 2025 at 08:30:00 UTC+5:30	12 April 2025 at 12:00:00 UTC+5:30	lakers vs rockets,luka donÄiÄ‡	https://trends.google.com/trends/explore?q=lakers%20vs%20rockets&geo=IN&hl=en-GB
trail blazers vs warriors	2K+	12 April 2025 at 07:50:00 UTC+5:30	12 April 2025 at 13:10:00 UTC+5:30	trail blazers vs warriors	https://trends.google.com/trends/explore?q=trail%20blazers%20vs%20warriors&geo=IN&hl=en-GB
carlos sainz	2K+	12 April 2025 at 10:50:00 UTC+5:30	12 April 2025 at 15:30:00 UTC+5:30	carlos sainz	https://trends.google.com/trends/explore?q=carlos%20sainz&geo=IN&hl=en-GB
upmsp.edu.in 2025	1K+	12 April 2025 at 18:00:00 UTC+5:30	12 April 2025 at 22:50:00 UTC+5:30	upmsp.edu.in 2025	https://trends.google.com/trends/explore?q=upmsp.edu.in%202025&geo=IN&hl=en-GB
akash deep	10K+	12 April 2025 at 16:20:00 UTC+5:30	12 April 2025 at 16:50:00 UTC+5:30	akash deep	https://trends.google.com/trends/explore?q=akash%20deep&geo=IN&hl=en-GB
punjab kings owner	1K+	12 April 2025 at 20:40:00 UTC+5:30	12 April 2025 at 23:50:00 UTC+5:30	punjab kings owner	https://trends.google.com/trends/explore?q=punjab%20kings%20owner&geo=IN&hl=en-GB
rashid khan	10K+	12 April 2025 at 18:00:00 UTC+5:30	12 April 2025 at 18:30:00 UTC+5:30	rashid khan	https://trends.google.com/trends/explore?q=rashid%20khan&geo=IN&hl=en-GB
campa	1K+	12 April 2025 at 21:30:00 UTC+5:30	12 April 2025 at 23:50:00 UTC+5:30	campa,campa cola	https://trends.google.com/trends/explore?q=campa&geo=IN&hl=en-GB
nta jee mains 2025	2K+	12 April 2025 at 05:40:00 UTC+5:30	12 April 2025 at 13:20:00 UTC+5:30	nta jee mains 2025,jee main nta,jee mains nta,jee nta,jee mains response sheet 2025,jee mains session 2 answer key	https://trends.google.com/trends/explore?q=nta%20jee%20mains%202025&geo=IN&hl=en-GB
sex education	100+	13 April 2025 at 03:30:00 UTC+5:30	13 April 2025 at 05:10:00 UTC+5:30	sex education	https://trends.google.com/trends/explore?q=sex%20education&geo=IN&hl=en-GB
à¤ªà¥à¤°à¤¿à¤¯à¤‚à¤¶ à¤†à¤°à¥à¤¯	2K+	12 April 2025 at 19:50:00 UTC+5:30	12 April 2025 at 20:50:00 UTC+5:30	à¤ªà¥à¤°à¤¿à¤¯à¤‚à¤¶ à¤†à¤°à¥à¤¯,à¤ªà¥à¤°à¥€à¤¤à¤¿ à¤œà¤¿à¤‚à¤Ÿà¤¾	https://trends.google.com/trends/explore?q=%E0%A4%AA%E0%A5%8D%E0%A4%B0%E0%A4%BF%E0%A4%AF%E0%A4%82%E0%A4%B6%20%E0%A4%86%E0%A4%B0%E0%A5%8D%E0%A4%AF&geo=IN&hl=en-GB
cb	2K+	12 April 2025 at 16:30:00 UTC+5:30	12 April 2025 at 18:50:00 UTC+5:30	cb	https://trends.google.com/trends/explore?q=cb&geo=IN&hl=en-GB
espn	2K+	12 April 2025 at 19:10:00 UTC+5:30	12 April 2025 at 20:50:00 UTC+5:30	espn	https://trends.google.com/trends/explore?q=espn&geo=IN&hl=en-GB
yeh rishta kya kehlata hai	2K+	12 April 2025 at 17:10:00 UTC+5:30	12 April 2025 at 22:30:00 UTC+5:30	yeh rishta kya kehlata hai	https://trends.google.com/trends/explore?q=yeh%20rishta%20kya%20kehlata%20hai&geo=IN&hl=en-GB
à¤¨à¤¿à¤•à¥‹à¤²à¤¸ à¤ªà¥‚à¤°à¤£	1K+	12 April 2025 at 18:30:00 UTC+5:30	12 April 2025 at 20:40:00 UTC+5:30	à¤¨à¤¿à¤•à¥‹à¤²à¤¸ à¤ªà¥‚à¤°à¤£	https://trends.google.com/trends/explore?q=%E0%A4%A8%E0%A4%BF%E0%A4%95%E0%A5%8B%E0%A4%B2%E0%A4%B8%20%E0%A4%AA%E0%A5%82%E0%A4%B0%E0%A4%A3&geo=IN&hl=en-GB
salasar balaji	2K+	12 April 2025 at 07:10:00 UTC+5:30	12 April 2025 at 16:00:00 UTC+5:30	salasar balaji	https://trends.google.com/trends/explore?q=salasar%20balaji&geo=IN&hl=en-GB
ryan williams	1K+	12 April 2025 at 19:10:00 UTC+5:30	12 April 2025 at 22:30:00 UTC+5:30	ryan williams	https://trends.google.com/trends/explore?q=ryan%20williams&geo=IN&hl=en-GB
strasbourg vs nice	200+	13 April 2025 at 01:20:00 UTC+5:30	13 April 2025 at 03:30:00 UTC+5:30	strasbourg vs nice	https://trends.google.com/trends/explore?q=strasbourg%20vs%20nice&geo=IN&hl=en-GB
alex de minaur	1K+	12 April 2025 at 19:20:00 UTC+5:30	12 April 2025 at 22:30:00 UTC+5:30	alex de minaur	https://trends.google.com/trends/explore?q=alex%20de%20minaur&geo=IN&hl=en-GB
à¤°à¤¾à¤¶à¤¿à¤¦ à¤–à¤¾à¤¨	1K+	12 April 2025 at 17:40:00 UTC+5:30	12 April 2025 at 19:50:00 UTC+5:30	à¤°à¤¾à¤¶à¤¿à¤¦ à¤–à¤¾à¤¨	https://trends.google.com/trends/explore?q=%E0%A4%B0%E0%A4%BE%E0%A4%B6%E0%A4%BF%E0%A4%A6%20%E0%A4%96%E0%A4%BE%E0%A4%A8&geo=IN&hl=en-GB
balde	100+	13 April 2025 at 03:00:00 UTC+5:30	13 April 2025 at 05:10:00 UTC+5:30	balde	https://trends.google.com/trends/explore?q=balde&geo=IN&hl=en-GB
ipl highest run chase	1K+	12 April 2025 at 22:50:00 UTC+5:30	13 April 2025 at 00:30:00 UTC+5:30	ipl highest run chase,srh vs mi	https://trends.google.com/trends/explore?q=ipl%20highest%20run%20chase&geo=IN&hl=en-GB
connaught place	1K+	12 April 2025 at 17:40:00 UTC+5:30	12 April 2025 at 20:30:00 UTC+5:30	connaught place	https://trends.google.com/trends/explore?q=connaught%20place&geo=IN&hl=en-GB
iiser	1K+	12 April 2025 at 17:20:00 UTC+5:30	12 April 2025 at 21:50:00 UTC+5:30	iiser	https://trends.google.com/trends/explore?q=iiser&geo=IN&hl=en-GB
gerard martÃ­n	200+	13 April 2025 at 01:50:00 UTC+5:30	13 April 2025 at 03:00:00 UTC+5:30	gerard martÃ­n	https://trends.google.com/trends/explore?q=gerard%20mart%C3%ADn&geo=IN&hl=en-GB
lalu yadav news today	1K+	12 April 2025 at 13:20:00 UTC+5:30	12 April 2025 at 21:00:00 UTC+5:30	lalu yadav news today	https://trends.google.com/trends/explore?q=lalu%20yadav%20news%20today&geo=IN&hl=en-GB
gujcet result 2025	2K+	12 April 2025 at 08:30:00 UTC+5:30	12 April 2025 at 12:00:00 UTC+5:30	gujcet result 2025,gseb,gujcet result	https://trends.google.com/trends/explore?q=gujcet%20result%202025&geo=IN&hl=en-GB
chris gayle 175 in ipl	1K+	12 April 2025 at 23:00:00 UTC+5:30	13 April 2025 at 00:10:00 UTC+5:30	chris gayle 175 in ipl,brendon mccullum,brendon mccullum highest score in ipl,ab de villiers	https://trends.google.com/trends/explore?q=chris%20gayle%20175%20in%20ipl&geo=IN&hl=en-GB
khakee	200+	13 April 2025 at 00:50:00 UTC+5:30	13 April 2025 at 03:50:00 UTC+5:30	khakee	https://trends.google.com/trends/explore?q=khakee&geo=IN&hl=en-GB
à¤¹à¤¨à¥à¤®à¤¾à¤¨	2K+	12 April 2025 at 05:40:00 UTC+5:30	12 April 2025 at 12:10:00 UTC+5:30	à¤¹à¤¨à¥à¤®à¤¾à¤¨	https://trends.google.com/trends/explore?q=%E0%A4%B9%E0%A4%A8%E0%A5%81%E0%A4%AE%E0%A4%BE%E0%A4%A8&geo=IN&hl=en-GB
sanjay dutt	200+	12 April 2025 at 20:10:00 UTC+5:30	13 April 2025 at 03:40:00 UTC+5:30	sanjay dutt	https://trends.google.com/trends/explore?q=sanjay%20dutt&geo=IN&hl=en-GB
love aaj kal	200+	13 April 2025 at 01:20:00 UTC+5:30	13 April 2025 at 04:00:00 UTC+5:30	love aaj kal	https://trends.google.com/trends/explore?q=love%20aaj%20kal&geo=IN&hl=en-GB
chahal	500+	12 April 2025 at 22:20:00 UTC+5:30	13 April 2025 at 00:00:00 UTC+5:30	chahal	https://trends.google.com/trends/explore?q=chahal&geo=IN&hl=en-GB
jonny bairstow	500+	12 April 2025 at 23:00:00 UTC+5:30	13 April 2025 at 00:30:00 UTC+5:30	jonny bairstow	https://trends.google.com/trends/explore?q=jonny%20bairstow&geo=IN&hl=en-GB
tata curvv price	1K+	12 April 2025 at 16:50:00 UTC+5:30	12 April 2025 at 21:50:00 UTC+5:30	tata curvv price	https://trends.google.com/trends/explore?q=tata%20curvv%20price&geo=IN&hl=en-GB
à¤¶à¤¾à¤¹à¤°à¥à¤– à¤–à¤¾à¤¨	2K+	12 April 2025 at 17:00:00 UTC+5:30	12 April 2025 at 18:20:00 UTC+5:30	à¤¶à¤¾à¤¹à¤°à¥à¤– à¤–à¤¾à¤¨	https://trends.google.com/trends/explore?q=%E0%A4%B6%E0%A4%BE%E0%A4%B9%E0%A4%B0%E0%A5%81%E0%A4%96%20%E0%A4%96%E0%A4%BE%E0%A4%A8&geo=IN&hl=en-GB
is	1K+	12 April 2025 at 20:50:00 UTC+5:30	12 April 2025 at 22:50:00 UTC+5:30	is	https://trends.google.com/trends/explore?q=is&geo=IN&hl=en-GB
jio	2K+	12 April 2025 at 15:40:00 UTC+5:30	12 April 2025 at 17:00:00 UTC+5:30	jio	https://trends.google.com/trends/explore?q=jio&geo=IN&hl=en-GB
rubina dilaik	500+	12 April 2025 at 21:50:00 UTC+5:30	13 April 2025 at 04:40:00 UTC+5:30	rubina dilaik	https://trends.google.com/trends/explore?q=rubina%20dilaik&geo=IN&hl=en-GB
siddhu jonnalagadda	500+	12 April 2025 at 20:30:00 UTC+5:30	12 April 2025 at 22:20:00 UTC+5:30	siddhu jonnalagadda	https://trends.google.com/trends/explore?q=siddhu%20jonnalagadda&geo=IN&hl=en-GB
à¤¹à¤¨à¥à¤®à¤¾à¤¨ à¤œà¤¯à¤‚à¤¤à¥€ à¤¶à¥à¤­à¥‡à¤šà¥à¤›à¤¾	1K+	12 April 2025 at 06:10:00 UTC+5:30	12 April 2025 at 11:40:00 UTC+5:30	à¤¹à¤¨à¥à¤®à¤¾à¤¨ à¤œà¤¯à¤‚à¤¤à¥€ à¤¶à¥à¤­à¥‡à¤šà¥à¤›à¤¾	https://trends.google.com/trends/explore?q=%E0%A4%B9%E0%A4%A8%E0%A5%81%E0%A4%AE%E0%A4%BE%E0%A4%A8%20%E0%A4%9C%E0%A4%AF%E0%A4%82%E0%A4%A4%E0%A5%80%20%E0%A4%B6%E0%A5%81%E0%A4%AD%E0%A5%87%E0%A4%9A%E0%A5%8D%E0%A4%9B%E0%A4%BE&geo=IN&hl=en-GB
pl	2K+	12 April 2025 at 19:00:00 UTC+5:30	12 April 2025 at 19:30:00 UTC+5:30	pl	https://trends.google.com/trends/explore?q=pl&geo=IN&hl=en-GB
samantha ruth prabhu	200+	13 April 2025 at 01:10:00 UTC+5:30	13 April 2025 at 04:00:00 UTC+5:30	samantha ruth prabhu	https://trends.google.com/trends/explore?q=samantha%20ruth%20prabhu&geo=IN&hl=en-GB
mohamed salah	500+	12 April 2025 at 21:30:00 UTC+5:30	12 April 2025 at 22:50:00 UTC+5:30	mohamed salah	https://trends.google.com/trends/explore?q=mohamed%20salah&geo=IN&hl=en-GB
toulouse vs losc	500+	12 April 2025 at 22:30:00 UTC+5:30	13 April 2025 at 00:20:00 UTC+5:30	toulouse vs losc	https://trends.google.com/trends/explore?q=toulouse%20vs%20losc&geo=IN&hl=en-GB
anirudh ravichander	500+	12 April 2025 at 22:50:00 UTC+5:30	13 April 2025 at 00:20:00 UTC+5:30	anirudh ravichander	https://trends.google.com/trends/explore?q=anirudh%20ravichander&geo=IN&hl=en-GB
rajiv yuva vikasam scheme apply	1K+	12 April 2025 at 10:20:00 UTC+5:30	12 April 2025 at 16:00:00 UTC+5:30	rajiv yuva vikasam scheme apply	https://trends.google.com/trends/explore?q=rajiv%20yuva%20vikasam%20scheme%20apply&geo=IN&hl=en-GB
hotstar jio	1K+	12 April 2025 at 15:40:00 UTC+5:30	12 April 2025 at 17:10:00 UTC+5:30	hotstar jio	https://trends.google.com/trends/explore?q=hotstar%20jio&geo=IN&hl=en-GB
sikandar movie collection	100+	13 April 2025 at 03:10:00 UTC+5:30	13 April 2025 at 04:00:00 UTC+5:30	sikandar movie collection	https://trends.google.com/trends/explore?q=sikandar%20movie%20collection&geo=IN&hl=en-GB
100	100+	13 April 2025 at 02:10:00 UTC+5:30	13 April 2025 at 03:10:00 UTC+5:30	100	https://trends.google.com/trends/explore?q=100&geo=IN&hl=en-GB
justin bieber	100+	13 April 2025 at 02:20:00 UTC+5:30	13 April 2025 at 03:50:00 UTC+5:30	justin bieber	https://trends.google.com/trends/explore?q=justin%20bieber&geo=IN&hl=en-GB
tirumala	100+	13 April 2025 at 02:00:00 UTC+5:30	13 April 2025 at 03:10:00 UTC+5:30	tirumala	https://trends.google.com/trends/explore?q=tirumala&geo=IN&hl=en-GB
sydney fc vs auckland fc	1K+	12 April 2025 at 12:00:00 UTC+5:30	12 April 2025 at 15:00:00 UTC+5:30	sydney fc vs auckland fc	https://trends.google.com/trends/explore?q=sydney%20fc%20vs%20auckland%20fc&geo=IN&hl=en-GB
eenadu	5K+	12 April 2025 at 11:00:00 UTC+5:30	12 April 2025 at 12:20:00 UTC+5:30	eenadu	https://trends.google.com/trends/explore?q=eenadu&geo=IN&hl=en-GB
shirdi	500+	12 April 2025 at 22:40:00 UTC+5:30	13 April 2025 at 00:10:00 UTC+5:30	shirdi	https://trends.google.com/trends/explore?q=shirdi&geo=IN&hl=en-GB
priyansh arya ipl 2025 price	500+	12 April 2025 at 19:40:00 UTC+5:30	12 April 2025 at 20:50:00 UTC+5:30	priyansh arya ipl 2025 price,priyansh arya century	https://trends.google.com/trends/explore?q=priyansh%20arya%20ipl%202025%20price&geo=IN&hl=en-GB
à¤ˆà¤¶à¤¾à¤¨ à¤•à¤¿à¤¶à¤¨	200+	12 April 2025 at 23:10:00 UTC+5:30	13 April 2025 at 00:20:00 UTC+5:30	à¤ˆà¤¶à¤¾à¤¨ à¤•à¤¿à¤¶à¤¨	https://trends.google.com/trends/explore?q=%E0%A4%88%E0%A4%B6%E0%A4%BE%E0%A4%A8%20%E0%A4%95%E0%A4%BF%E0%A4%B6%E0%A4%A8&geo=IN&hl=en-GB
ipl highest score batsman 2025	200+	12 April 2025 at 23:00:00 UTC+5:30	13 April 2025 at 00:10:00 UTC+5:30	ipl highest score batsman 2025	https://trends.google.com/trends/explore?q=ipl%20highest%20score%20batsman%202025&geo=IN&hl=en-GB
harsha bhogle	200+	12 April 2025 at 23:30:00 UTC+5:30	13 April 2025 at 00:40:00 UTC+5:30	harsha bhogle	https://trends.google.com/trends/explore?q=harsha%20bhogle&geo=IN&hl=en-GB
à²¹à²µà²¾à²®à²¾à²¨	10K+	12 April 2025 at 07:00:00 UTC+5:30	12 April 2025 at 07:50:00 UTC+5:30	à²¹à²µà²¾à²®à²¾à²¨	https://trends.google.com/trends/explore?q=%E0%B2%B9%E0%B2%B5%E0%B2%BE%E0%B2%AE%E0%B2%BE%E0%B2%A8&geo=IN&hl=en-GB
natalia grace	100+	13 April 2025 at 01:50:00 UTC+5:30	13 April 2025 at 03:20:00 UTC+5:30	natalia grace	https://trends.google.com/trends/explore?q=natalia%20grace&geo=IN&hl=en-GB
lorenzo musetti	500+	12 April 2025 at 19:50:00 UTC+5:30	12 April 2025 at 23:00:00 UTC+5:30	lorenzo musetti,alejandro davidovich fokina	https://trends.google.com/trends/explore?q=lorenzo%20musetti&geo=IN&hl=en-GB
usman khan	500+	12 April 2025 at 21:30:00 UTC+5:30	12 April 2025 at 22:10:00 UTC+5:30	usman khan	https://trends.google.com/trends/explore?q=usman%20khan&geo=IN&hl=en-GB
karun nair	1K+	12 April 2025 at 06:00:00 UTC+5:30	12 April 2025 at 08:50:00 UTC+5:30	karun nair	https://trends.google.com/trends/explore?q=karun%20nair&geo=IN&hl=en-GB
pirates of the caribbean	200+	13 April 2025 at 00:10:00 UTC+5:30	13 April 2025 at 04:10:00 UTC+5:30	pirates of the caribbean	https://trends.google.com/trends/explore?q=pirates%20of%20the%20caribbean&geo=IN&hl=en-GB
best	200+	13 April 2025 at 02:40:00 UTC+5:30	13 April 2025 at 03:50:00 UTC+5:30	best,coachella 2025	https://trends.google.com/trends/explore?q=best&geo=IN&hl=en-GB
f1 tv	200+	12 April 2025 at 21:30:00 UTC+5:30	12 April 2025 at 22:40:00 UTC+5:30	f1 tv	https://trends.google.com/trends/explore?q=f1%20tv&geo=IN&hl=en-GB
lalu yadav news	500+	12 April 2025 at 17:10:00 UTC+5:30	12 April 2025 at 20:40:00 UTC+5:30	lalu yadav news	https://trends.google.com/trends/explore?q=lalu%20yadav%20news&geo=IN&hl=en-GB
wwe smackdown smackdown results	1K+	12 April 2025 at 09:30:00 UTC+5:30	12 April 2025 at 11:10:00 UTC+5:30	wwe smackdown smackdown results,wwe smackdown live	https://trends.google.com/trends/explore?q=wwe%20smackdown%20smackdown%20results&geo=IN&hl=en-GB
uppal	200+	12 April 2025 at 22:40:00 UTC+5:30	12 April 2025 at 23:50:00 UTC+5:30	uppal	https://trends.google.com/trends/explore?q=uppal&geo=IN&hl=en-GB
hande erÃ§el	100+	13 April 2025 at 01:40:00 UTC+5:30	13 April 2025 at 02:40:00 UTC+5:30	hande erÃ§el	https://trends.google.com/trends/explore?q=hande%20er%C3%A7el&geo=IN&hl=en-GB
iqoo z10 5g	1K+	12 April 2025 at 09:20:00 UTC+5:30	12 April 2025 at 11:20:00 UTC+5:30	iqoo z10 5g	https://trends.google.com/trends/explore?q=iqoo%20z10%205g&geo=IN&hl=en-GB
pbks owner	500+	12 April 2025 at 20:40:00 UTC+5:30	12 April 2025 at 23:10:00 UTC+5:30	pbks owner	https://trends.google.com/trends/explore?q=pbks%20owner&geo=IN&hl=en-GB
fcs vs lsh	200+	12 April 2025 at 21:10:00 UTC+5:30	12 April 2025 at 22:10:00 UTC+5:30	fcs vs lsh	https://trends.google.com/trends/explore?q=fcs%20vs%20lsh&geo=IN&hl=en-GB
celtic vs kilmarnock	500+	12 April 2025 at 17:00:00 UTC+5:30	12 April 2025 at 18:40:00 UTC+5:30	celtic vs kilmarnock	https://trends.google.com/trends/explore?q=celtic%20vs%20kilmarnock&geo=IN&hl=en-GB
melbourne t10	1K+	12 April 2025 at 07:50:00 UTC+5:30	12 April 2025 at 11:30:00 UTC+5:30	melbourne t10	https://trends.google.com/trends/explore?q=melbourne%20t10&geo=IN&hl=en-GB
leeds united vs preston	500+	12 April 2025 at 17:00:00 UTC+5:30	12 April 2025 at 22:40:00 UTC+5:30	leeds united vs preston	https://trends.google.com/trends/explore?q=leeds%20united%20vs%20preston&geo=IN&hl=en-GB
à¤ªà¥à¤°à¤¸à¤¿à¤¦à¥à¤§ à¤•à¥ƒà¤·à¥à¤£à¤¾	500+	12 April 2025 at 18:40:00 UTC+5:30	12 April 2025 at 19:50:00 UTC+5:30	à¤ªà¥à¤°à¤¸à¤¿à¤¦à¥à¤§ à¤•à¥ƒà¤·à¥à¤£à¤¾	https://trends.google.com/trends/explore?q=%E0%A4%AA%E0%A5%8D%E0%A4%B0%E0%A4%B8%E0%A4%BF%E0%A4%A6%E0%A5%8D%E0%A4%A7%20%E0%A4%95%E0%A5%83%E0%A4%B7%E0%A5%8D%E0%A4%A3%E0%A4%BE&geo=IN&hl=en-GB
chandigarh weather	500+	12 April 2025 at 15:00:00 UTC+5:30	12 April 2025 at 18:30:00 UTC+5:30	chandigarh weather,weather chandigarh	https://trends.google.com/trends/explore?q=chandigarh%20weather&geo=IN&hl=en-GB
longest six in ipl	200+	12 April 2025 at 23:10:00 UTC+5:30	13 April 2025 at 00:10:00 UTC+5:30	longest six in ipl	https://trends.google.com/trends/explore?q=longest%20six%20in%20ipl&geo=IN&hl=en-GB
cric buzz	500+	12 April 2025 at 19:20:00 UTC+5:30	12 April 2025 at 23:40:00 UTC+5:30	cric buzz	https://trends.google.com/trends/explore?q=cric%20buzz&geo=IN&hl=en-GB
csjmu	1K+	12 April 2025 at 11:00:00 UTC+5:30	12 April 2025 at 13:20:00 UTC+5:30	csjmu	https://trends.google.com/trends/explore?q=csjmu&geo=IN&hl=en-GB
à¤ªà¥‹à¤·à¤£ à¤…à¤­à¤¿à¤¯à¤¾à¤¨	500+	12 April 2025 at 09:20:00 UTC+5:30	12 April 2025 at 12:20:00 UTC+5:30	à¤ªà¥‹à¤·à¤£ à¤…à¤­à¤¿à¤¯à¤¾à¤¨	https://trends.google.com/trends/explore?q=%E0%A4%AA%E0%A5%8B%E0%A4%B7%E0%A4%A3%20%E0%A4%85%E0%A4%AD%E0%A4%BF%E0%A4%AF%E0%A4%BE%E0%A4%A8&geo=IN&hl=en-GB
à¤ªà¥‚à¤°à¥à¤£à¤¿à¤®à¤¾ à¤•à¤¬ à¤¹à¥ˆ	500+	12 April 2025 at 06:10:00 UTC+5:30	12 April 2025 at 08:50:00 UTC+5:30	à¤ªà¥‚à¤°à¥à¤£à¤¿à¤®à¤¾ à¤•à¤¬ à¤¹à¥ˆ,chaitra purnima 2025	https://trends.google.com/trends/explore?q=%E0%A4%AA%E0%A5%82%E0%A4%B0%E0%A5%8D%E0%A4%A3%E0%A4%BF%E0%A4%AE%E0%A4%BE%20%E0%A4%95%E0%A4%AC%20%E0%A4%B9%E0%A5%88&geo=IN&hl=en-GB
nuggets vs grizzlies	500+	12 April 2025 at 08:20:00 UTC+5:30	12 April 2025 at 10:30:00 UTC+5:30	nuggets vs grizzlies	https://trends.google.com/trends/explore?q=nuggets%20vs%20grizzlies&geo=IN&hl=en-GB
lucknow university	1K+	12 April 2025 at 11:20:00 UTC+5:30	12 April 2025 at 13:00:00 UTC+5:30	lucknow university	https://trends.google.com/trends/explore?q=lucknow%20university&geo=IN&hl=en-GB
newcastle jets vs central coast mariners	500+	12 April 2025 at 14:50:00 UTC+5:30	12 April 2025 at 16:30:00 UTC+5:30	newcastle jets vs central coast mariners	https://trends.google.com/trends/explore?q=newcastle%20jets%20vs%20central%20coast%20mariners&geo=IN&hl=en-GB
9	200+	12 April 2025 at 18:30:00 UTC+5:30	12 April 2025 at 19:40:00 UTC+5:30	9	https://trends.google.com/trends/explore?q=9&geo=IN&hl=en-GB
ricky ponting	200+	12 April 2025 at 23:20:00 UTC+5:30	13 April 2025 at 00:00:00 UTC+5:30	ricky ponting	https://trends.google.com/trends/explore?q=ricky%20ponting&geo=IN&hl=en-GB
pm modi	500+	12 April 2025 at 16:00:00 UTC+5:30	12 April 2025 at 17:00:00 UTC+5:30	pm modi	https://trends.google.com/trends/explore?q=pm%20modi&geo=IN&hl=en-GB
abhishek bachchan	200+	12 April 2025 at 23:10:00 UTC+5:30	13 April 2025 at 00:00:00 UTC+5:30	abhishek bachchan	https://trends.google.com/trends/explore?q=abhishek%20bachchan&geo=IN&hl=en-GB
epic	200+	12 April 2025 at 22:40:00 UTC+5:30	12 April 2025 at 23:20:00 UTC+5:30	epic	https://trends.google.com/trends/explore?q=epic&geo=IN&hl=en-GB
à¤°à¤µà¤¿ à¤¬à¤¿à¤¶à¥à¤¨à¥‹à¤ˆ	500+	12 April 2025 at 16:40:00 UTC+5:30	12 April 2025 at 18:00:00 UTC+5:30	à¤°à¤µà¤¿ à¤¬à¤¿à¤¶à¥à¤¨à¥‹à¤ˆ	https://trends.google.com/trends/explore?q=%E0%A4%B0%E0%A4%B5%E0%A4%BF%20%E0%A4%AC%E0%A4%BF%E0%A4%B6%E0%A5%8D%E0%A4%A8%E0%A5%8B%E0%A4%88&geo=IN&hl=en-GB
ctet	500+	12 April 2025 at 06:20:00 UTC+5:30	12 April 2025 at 08:50:00 UTC+5:30	ctet	https://trends.google.com/trends/explore?q=ctet&geo=IN&hl=en-GB
wellington phoenix vs melbourne victory	500+	12 April 2025 at 10:30:00 UTC+5:30	12 April 2025 at 12:00:00 UTC+5:30	wellington phoenix vs melbourne victory	https://trends.google.com/trends/explore?q=wellington%20phoenix%20vs%20melbourne%20victory&geo=IN&hl=en-GB
omar marmoush	200+	12 April 2025 at 18:00:00 UTC+5:30	12 April 2025 at 18:50:00 UTC+5:30	omar marmoush	https://trends.google.com/trends/explore?q=omar%20marmoush&geo=IN&hl=en-GB
2028 olympics	200+	12 April 2025 at 06:10:00 UTC+5:30	12 April 2025 at 08:10:00 UTC+5:30	2028 olympics	https://trends.google.com/trends/explore?q=2028%20olympics&geo=IN&hl=en-GB
ipl tickets	200+	12 April 2025 at 23:50:00 UTC+5:30	13 April 2025 at 00:10:00 UTC+5:30	ipl tickets	https://trends.google.com/trends/explore?q=ipl%20tickets&geo=IN&hl=en-GB
eberechi eze	200+	12 April 2025 at 17:20:00 UTC+5:30	12 April 2025 at 18:20:00 UTC+5:30	eberechi eze	https://trends.google.com/trends/explore?q=eberechi%20eze&geo=IN&hl=en-GB
the legend of hanuman season 6	200+	12 April 2025 at 21:00:00 UTC+5:30	12 April 2025 at 22:00:00 UTC+5:30	the legend of hanuman season 6	https://trends.google.com/trends/explore?q=the%20legend%20of%20hanuman%20season%206&geo=IN&hl=en-GB
espn live score	200+	12 April 2025 at 19:40:00 UTC+5:30	12 April 2025 at 20:30:00 UTC+5:30	espn live score	https://trends.google.com/trends/explore?q=espn%20live%20score&geo=IN&hl=en-GB
à¤¶à¤¾à¤°à¥à¤¦à¥à¤² à¤ à¤¾à¤•à¥à¤°	200+	12 April 2025 at 17:30:00 UTC+5:30	12 April 2025 at 18:20:00 UTC+5:30	à¤¶à¤¾à¤°à¥à¤¦à¥à¤² à¤ à¤¾à¤•à¥à¤°	https://trends.google.com/trends/explore?q=%E0%A4%B6%E0%A4%BE%E0%A4%B0%E0%A5%8D%E0%A4%A6%E0%A5%81%E0%A4%B2%20%E0%A4%A0%E0%A4%BE%E0%A4%95%E0%A5%81%E0%A4%B0&geo=IN&hl=en-GB
garena free fire max redeem codes	200+	12 April 2025 at 14:00:00 UTC+5:30	12 April 2025 at 15:00:00 UTC+5:30	garena free fire max redeem codes	https://trends.google.com/trends/explore?q=garena%20free%20fire%20max%20redeem%20codes&geo=IN&hl=en-GB
wbchse	500+	12 April 2025 at 11:30:00 UTC+5:30	12 April 2025 at 12:50:00 UTC+5:30	wbchse	https://trends.google.com/trends/explore?q=wbchse&geo=IN&hl=en-GB
no mercy game	200+	12 April 2025 at 09:10:00 UTC+5:30	12 April 2025 at 11:00:00 UTC+5:30	no mercy game	https://trends.google.com/trends/explore?q=no%20mercy%20game&geo=IN&hl=en-GB
kings vs clippers	200+	12 April 2025 at 10:20:00 UTC+5:30	12 April 2025 at 11:30:00 UTC+5:30	kings vs clippers	https://trends.google.com/trends/explore?q=kings%20vs%20clippers&geo=IN&hl=en-GB
perth glory vs adelaide united	200+	12 April 2025 at 17:20:00 UTC+5:30	12 April 2025 at 18:30:00 UTC+5:30	perth glory vs adelaide united	https://trends.google.com/trends/explore?q=perth%20glory%20vs%20adelaide%20united&geo=IN&hl=en-GB
city	200+	12 April 2025 at 18:40:00 UTC+5:30	12 April 2025 at 19:30:00 UTC+5:30	city	https://trends.google.com/trends/explore?q=city&geo=IN&hl=en-GB
kr 701 lottery result	500+	12 April 2025 at 16:00:00 UTC+5:30	12 April 2025 at 17:00:00 UTC+5:30	kr 701 lottery result,karunya lottery result	https://trends.google.com/trends/explore?q=kr%20701%20lottery%20result&geo=IN&hl=en-GB
srinagar weather	500+	12 April 2025 at 08:10:00 UTC+5:30	12 April 2025 at 09:30:00 UTC+5:30	srinagar weather,weather srinagar	https://trends.google.com/trends/explore?q=srinagar%20weather&geo=IN&hl=en-GB
à¤•à¤²à¥à¤¯à¤¾à¤£	500+	12 April 2025 at 19:20:00 UTC+5:30	12 April 2025 at 19:40:00 UTC+5:30	à¤•à¤²à¥à¤¯à¤¾à¤£,rana sanga jayanti 2025	https://trends.google.com/trends/explore?q=%E0%A4%95%E0%A4%B2%E0%A5%8D%E0%A4%AF%E0%A4%BE%E0%A4%A3&geo=IN&hl=en-GB
fast results	200+	12 April 2025 at 11:10:00 UTC+5:30	12 April 2025 at 12:10:00 UTC+5:30	fast results	https://trends.google.com/trends/explore?q=fast%20results&geo=IN&hl=en-GB
mussoorie	200+	12 April 2025 at 18:00:00 UTC+5:30	12 April 2025 at 18:40:00 UTC+5:30	mussoorie	https://trends.google.com/trends/explore?q=mussoorie&geo=IN&hl=en-GB
jazz vs thunder	200+	12 April 2025 at 09:40:00 UTC+5:30	12 April 2025 at 10:40:00 UTC+5:30	jazz vs thunder	https://trends.google.com/trends/explore?q=jazz%20vs%20thunder&geo=IN&hl=en-GB
lebron james	200+	12 April 2025 at 10:20:00 UTC+5:30	12 April 2025 at 11:30:00 UTC+5:30	lebron james	https://trends.google.com/trends/explore?q=lebron%20james&geo=IN&hl=en-GB
ssc	500+	12 April 2025 at 06:50:00 UTC+5:30	12 April 2025 at 07:50:00 UTC+5:30	ssc	https://trends.google.com/trends/explore?q=ssc&geo=IN&hl=en-GB
netflix plans	200+	12 April 2025 at 13:20:00 UTC+5:30	12 April 2025 at 14:10:00 UTC+5:30	netflix plans	https://trends.google.com/trends/explore?q=netflix%20plans&geo=IN&hl=en-GB
mohandas pai	200+	12 April 2025 at 11:10:00 UTC+5:30	12 April 2025 at 12:00:00 UTC+5:30	mohandas pai	https://trends.google.com/trends/explore?q=mohandas%20pai&geo=IN&hl=en-GB
necaxa vs pachuca	200+	12 April 2025 at 07:20:00 UTC+5:30	12 April 2025 at 08:50:00 UTC+5:30	necaxa vs pachuca	https://trends.google.com/trends/explore?q=necaxa%20vs%20pachuca&geo=IN&hl=en-GB
navjot singh sidhu	200+	12 April 2025 at 16:40:00 UTC+5:30	12 April 2025 at 17:20:00 UTC+5:30	navjot singh sidhu	https://trends.google.com/trends/explore?q=navjot%20singh%20sidhu&geo=IN&hl=en-GB
suns vs spurs	200+	12 April 2025 at 10:00:00 UTC+5:30	12 April 2025 at 11:00:00 UTC+5:30	suns vs spurs	https://trends.google.com/trends/explore?q=suns%20vs%20spurs&geo=IN&hl=en-GB
zaheer khan	200+	12 April 2025 at 17:00:00 UTC+5:30	12 April 2025 at 17:30:00 UTC+5:30	zaheer khan	https://trends.google.com/trends/explore?q=zaheer%20khan&geo=IN&hl=en-GB
couple pda at bengaluru metro	200+	12 April 2025 at 07:00:00 UTC+5:30	12 April 2025 at 07:40:00 UTC+5:30	couple pda at bengaluru metro	https://trends.google.com/trends/explore?q=couple%20pda%20at%20bengaluru%20metro&geo=IN&hl=en-GB
jalen green	200+	12 April 2025 at 09:50:00 UTC+5:30	12 April 2025 at 10:40:00 UTC+5:30	jalen green	https://trends.google.com/trends/explore?q=jalen%20green&geo=IN&hl=en-GB
weather dehradun	100+	12 April 2025 at 07:50:00 UTC+5:30	12 April 2025 at 08:40:00 UTC+5:30	weather dehradun	https://trends.google.com/trends/explore?q=weather%20dehradun&geo=IN&hl=en-GB
pelicans vs heat	200+	12 April 2025 at 10:00:00 UTC+5:30	12 April 2025 at 10:30:00 UTC+5:30	pelicans vs heat	https://trends.google.com/trends/explore?q=pelicans%20vs%20heat&geo=IN&hl=en-GB
nats	200+	12 April 2025 at 09:00:00 UTC+5:30	12 April 2025 at 09:30:00 UTC+5:30	nats	https://trends.google.com/trends/explore?q=nats&geo=IN&hl=en-GB
à¤†à¤œ à¤¶à¤¾à¤® à¤•à¤¾ à¤®à¥Œà¤¸à¤®	200+	12 April 2025 at 06:40:00 UTC+5:30	12 April 2025 at 07:30:00 UTC+5:30	à¤†à¤œ à¤¶à¤¾à¤® à¤•à¤¾ à¤®à¥Œà¤¸à¤®,bihar storm	https://trends.google.com/trends/explore?q=%E0%A4%86%E0%A4%9C%20%E0%A4%B6%E0%A4%BE%E0%A4%AE%20%E0%A4%95%E0%A4%BE%20%E0%A4%AE%E0%A5%8C%E0%A4%B8%E0%A4%AE&geo=IN&hl=en-GB
saptahik rashifal	200+	12 April 2025 at 10:10:00 UTC+5:30	12 April 2025 at 10:30:00 UTC+5:30	saptahik rashifal	https://trends.google.com/trends/explore?q=saptahik%20rashifal&geo=IN&hl=en-GB
mazatlÃ¡n vs guadalajara	100+	12 April 2025 at 09:10:00 UTC+5:30	12 April 2025 at 09:40:00 UTC+5:30	mazatlÃ¡n vs guadalajara	https://trends.google.com/trends/explore?q=mazatl%C3%A1n%20vs%20guadalajara&geo=IN&hl=en-GB
magnus carlsen	200+	12 April 2025 at 06:00:00 UTC+5:30	12 April 2025 at 06:20:00 UTC+5:30	magnus carlsen	https://trends.google.com/trends/explore?q=magnus%20carlsen&geo=IN&hl=en-GB
